likes,flair_sentiment_score,vader_score,finbert_score,flair_score,"('Adj Close', 'AAPL')","('Close', 'AAPL')","('High', 'AAPL')","('Low', 'AAPL')","('Open', 'AAPL')","('Volume', 'AAPL')","('date', '')"
1.0,0.8311416666666669,0.14310833333333334,0.10454843941666665,-0.8314454545454546,71.15155792236328,71.93250274658203,72.4175033569336,70.97250366210938,71.18250274658203,137280800.0,2020-04-29
1.0,0.9086130434782614,-0.009160869565217382,-0.10446903560869567,-0.8961415094339624,72.65258026123047,73.44999694824219,73.63249969482422,72.0875015258789,72.48999786376953,183064000.0,2020-04-30
1.2727272727272727,0.9194038961038963,0.026625974025974036,-0.0402169904935065,-0.9359690476190479,73.5823745727539,74.38999938964844,75.25,73.61499786376953,73.76499938964844,147751200.0,2020-05-05
0.9861111111111112,0.905748611111111,0.06299027777777777,-0.007108671361111114,-0.9135029411764705,74.34154510498047,75.15750122070312,75.80999755859375,74.71749877929688,75.11499786376953,142333600.0,2020-05-06
1.0,0.8908743589743591,0.15070512820512819,0.046334981923076925,-0.8380826086956523,75.11060333251953,75.93499755859375,76.2925033569336,75.49250030517578,75.80500030517578,115215200.0,2020-05-07
1.0,0.9228670731707317,-0.02717926829268293,-0.09904883402439026,-0.927757142857143,76.89835357666016,77.53250122070312,77.5875015258789,76.07250213623047,76.41000366210938,133838400.0,2020-05-08
1.0,0.8445,0.08333333333333333,0.0,-0.78215,78.10838317871094,78.75250244140625,79.26249694824219,76.80999755859375,77.0250015258789,145946400.0,2020-05-11
1.697594501718213,0.926421649484536,0.4651546391752575,0.058125912219931276,-0.9384399999999993,77.21574401855469,77.85250091552734,79.92250061035156,77.72750091552734,79.4574966430664,162301200.0,2020-05-12
1.0,0.910085333333333,0.08410666666666668,-0.022839237053333333,-0.9246970588235294,76.28343200683594,76.9124984741211,78.98750305175781,75.80249786376953,78.0374984741211,200622400.0,2020-05-13
1.1228070175438596,0.9132140350877189,0.05826666666666667,-0.08871920850877191,-0.9130388888888891,76.75206756591797,77.38500213623047,77.44750213623047,75.38249969482422,76.12750244140625,158929200.0,2020-05-14
1.1285714285714286,0.8929242857142857,0.06754285714285715,-0.07487117732857142,-0.8939487179487181,76.29830932617188,76.92749786376953,76.9749984741211,75.05249786376953,75.0875015258789,166348400.0,2020-05-15
1.0,0.9058200000000002,0.09409714285714285,0.029100562385714283,-0.9050439024390248,78.09598541259766,78.73999786376953,79.125,77.58000183105469,78.2925033569336,135178400.0,2020-05-18
1.0,0.9339083333333331,0.019573333333333325,-0.07142184176666665,-0.941657575757576,77.64471435546875,78.28500366210938,79.62999725341797,78.25250244140625,78.75749969482422,101729600.0,2020-05-19
1.0,0.8988770491803275,0.07237213114754099,-0.0010187801639344293,-0.8665354838709679,79.1547622680664,79.80750274658203,79.87999725341797,79.12999725341797,79.16999816894531,111504800.0,2020-05-20
1.0454545454545454,0.9488378787878788,0.04965909090909088,-0.003086885712121211,-0.9455500000000002,78.56462097167969,79.2125015258789,80.22250366210938,78.96749877929688,79.66500091552734,102688800.0,2020-05-21
0.96,0.9056133333333333,0.2326066666666667,-0.008238808706666665,-0.8795064516129032,79.07046508789062,79.72250366210938,79.80750274658203,78.8375015258789,78.94249725341797,81803200.0,2020-05-22
1.0,0.892035593220339,0.11682542372881358,0.04682564784745762,-0.9060827586206897,78.53486633300781,79.18250274658203,81.05999755859375,79.125,80.875,125522000.0,2020-05-26
1.0,0.9119825396825394,0.07586031746031746,-0.02104819953968254,-0.9406407407407406,78.87704467773438,79.52749633789062,79.67749786376953,78.27249908447266,79.03500366210938,112945200.0,2020-05-27
1.0,0.9364527027027031,0.09717702702702703,-0.08085871787837838,-0.953316129032258,78.91175842285156,79.5625,80.86000061035156,78.90750122070312,79.19249725341797,133560800.0,2020-05-28
1.0263157894736843,0.904144736842105,0.10694210526315791,-0.01535926522368422,-0.8711567567567569,78.83489227294922,79.48500061035156,80.2874984741211,79.11750030517578,79.8125,153532400.0,2020-05-29
0.9824561403508771,0.9165912280701753,0.1288122807017544,-0.07872459240350876,-0.9395124999999999,82.19717407226562,82.875,82.9375,80.80750274658203,80.8375015258789,137250400.0,2020-06-05
1.0,0.9285913978494623,0.03960752688172043,-0.030710362612903223,-0.9369555555555559,82.68315124511719,83.36499786376953,83.4000015258789,81.83000183105469,82.5625,95654400.0,2020-06-08
0.994413407821229,0.920734636871508,0.38117821229050225,0.003407409072625698,-0.9422249999999998,85.29412078857422,85.99749755859375,86.40249633789062,83.00250244140625,83.03500366210938,147712400.0,2020-06-09
1.131979695431472,0.9418345177664971,0.18354670050761424,-0.04427642886802031,-0.9547437499999997,87.488525390625,88.20999908447266,88.69249725341797,86.52249908447266,86.9749984741211,166651600.0,2020-06-10
2.0545454545454547,0.9549272727272732,0.2727454545454546,-0.1576262918,-0.9550294117647062,83.28816223144531,83.9749984741211,87.76499938964844,83.87000274658203,87.32749938964844,201662400.0,2020-06-11
1.491349480968858,0.9139086505190311,0.4874089965397923,0.06006903322837371,-0.9148029411764703,84.00723266601562,84.69999694824219,86.94999694824219,83.55500030517578,86.18000030517578,200146000.0,2020-06-12
0.9137931034482759,0.9179344827586201,0.12090172413793106,-0.02698706553448276,-0.8906117647058822,85.0461654663086,85.74749755859375,86.41999816894531,83.1449966430664,83.3125,138808800.0,2020-06-15
1.0294117647058822,0.8650132352941174,0.08857058823529415,-0.04827409719117647,-0.9003394736842103,87.30008697509766,88.0199966430664,88.30000305175781,86.18000030517578,87.86499786376953,165428800.0,2020-06-16
0.9659090909090909,0.9051397727272725,0.11826250000000002,-0.07096431878409092,-0.9225047619047618,87.1785888671875,87.89749908447266,88.8499984741211,87.77249908447266,88.7874984741211,114406400.0,2020-06-17
1.018181818181818,0.9182690909090907,0.13693818181818185,-0.05690934876363636,-0.9543840000000003,87.21330261230469,87.93250274658203,88.36250305175781,87.30500030517578,87.85250091552734,96820400.0,2020-06-18
1.056338028169014,0.9118887323943664,0.11946760563380285,-0.1294235729859155,-0.9149999999999999,86.71490478515625,87.43000030517578,89.13999938964844,86.2874984741211,88.66000366210938,264476000.0,2020-06-19
0.9833333333333333,0.9373133333333334,0.047000000000000014,-0.023885890349999998,-0.9648071428571429,88.98369598388672,89.71749877929688,89.86499786376953,87.7874984741211,87.83499908447266,135445200.0,2020-06-22
1.0422535211267605,0.9050690140845072,0.071143661971831,-0.06966615397183099,-0.8890555555555554,90.8830337524414,91.63249969482422,93.09500122070312,90.56749725341797,91.0,212155600.0,2020-06-23
1.078125,0.9174249999999998,0.07208281250000001,-0.04281709154687499,-0.9396571428571431,89.27877807617188,90.01499938964844,92.19750213623047,89.62999725341797,91.25,192623200.0,2020-06-24
1.0298507462686568,0.9043805970149253,0.1590268656716418,-0.07496349135820896,-0.9195806451612903,90.4639892578125,91.20999908447266,91.25,89.39250183105469,90.17500305175781,137522400.0,2020-06-25
2.36144578313253,0.9058999999999997,0.09713975903614458,-0.04531041862650603,-0.9293543478260873,87.68441772460938,88.40750122070312,91.33000183105469,88.25499725341797,91.10250091552734,205256800.0,2020-06-26
1.2741935483870968,0.9313225806451616,0.13606451612903223,-0.0004682069838709718,-0.9661299999999999,89.70525360107422,90.44499969482422,90.5425033569336,87.81999969482422,88.3125,130646000.0,2020-06-29
1.0140845070422535,0.8806647887323941,0.11187042253521128,-0.014336273676056338,-0.9140689655172414,90.45407104492188,91.19999694824219,91.49500274658203,90.0,90.0199966430664,140223200.0,2020-06-30
1.0,0.9055878048780487,0.09456829268292682,0.07840237241463416,-0.90181,92.69806671142578,93.4625015258789,93.94499969482422,92.46749877929688,92.5,118655600.0,2020-07-06
1.013157894736842,0.9205842105263152,0.14503552631578948,0.0013295490526315774,-0.9124725000000001,92.41043853759766,93.17250061035156,94.65499877929688,93.05750274658203,93.85250091552734,112424400.0,2020-07-07
1.0,0.9282712500000002,-0.041902499999999995,-0.11403703761250002,-0.9499272727272728,94.56269836425781,95.34249877929688,95.375,94.08999633789062,94.18000030517578,117092000.0,2020-07-08
1.060702875399361,0.9423140575079872,0.36238338658146924,0.023125029795527156,-0.9473113445378147,94.96934509277344,95.75250244140625,96.31749725341797,94.67250061035156,96.26249694824219,125642800.0,2020-07-09
1.2992424242424243,0.9019431818181819,0.24870681818181806,0.003547912064393942,-0.9184859872611458,95.1354751586914,95.91999816894531,95.9800033569336,94.70500183105469,95.33499908447266,90257200.0,2020-07-10
1.0,0.8753558139534883,0.03999069767441859,-0.02198692361627907,-0.8826975609756095,94.69659423828125,95.47750091552734,99.95500183105469,95.25749969482422,97.26499938964844,191649200.0,2020-07-13
1.411764705882353,0.9075976470588235,0.01892941176470588,-0.0682981385882353,-0.9354073170731709,96.263671875,97.05750274658203,97.25499725341797,93.87750244140625,94.83999633789062,170989200.0,2020-07-14
1.1153846153846154,0.8992740384615383,0.07944807692307691,-0.0625549285576923,-0.9021484848484846,96.92571258544922,97.7249984741211,99.24749755859375,96.48999786376953,98.98999786376953,153198000.0,2020-07-15
1.0,0.9101797619047619,0.09185952380952385,-0.026766619511904764,-0.9179468085106383,95.73303985595703,96.52249908447266,97.40499877929688,95.90499877929688,96.5625,110577600.0,2020-07-16
1.0,0.9164125,0.095325,-0.106592680328125,-0.9271187500000002,95.53963470458984,96.32749938964844,97.14749908447266,95.83999633789062,96.98750305175781,92186800.0,2020-07-17
16.015873015873016,0.9231603174603173,0.056130158730158745,-0.060538677,-0.9230814814814815,97.55303955078125,98.35749816894531,98.5,96.0625,96.4175033569336,90318000.0,2020-07-20
1.04,0.8811693333333334,0.028238666666666676,-0.012974892479999998,-0.8963216216216215,96.2066421508789,97.0,99.25,96.74250030517578,99.17250061035156,103433200.0,2020-07-21
1.9838709677419355,0.9186451612903224,0.015617741935483865,-0.11640344080645161,-0.9070513513513513,96.47692108154297,97.27249908447266,97.9749984741211,96.60250091552734,96.69249725341797,89001600.0,2020-07-22
1.0714285714285714,0.908097619047619,-0.07504642857142858,-0.14634535141666666,-0.9232823529411767,92.08562469482422,92.84500122070312,97.07749938964844,92.01000213623047,96.99749755859375,197004400.0,2020-07-23
0.9743589743589743,0.9114346153846155,0.00932307692307692,-0.006143696051282049,-0.8915073170731705,91.85750579833984,92.61499786376953,92.97000122070312,89.1449966430664,90.98750305175781,185438800.0,2020-07-24
1.0,0.9158999999999999,0.12152253521126763,0.035178072873239444,-0.924267741935484,94.0345458984375,94.80999755859375,94.90499877929688,93.4800033569336,93.70999908447266,121214000.0,2020-07-27
1.0116279069767442,0.923648837209302,0.030103488372093035,-0.07018331939534883,-0.9217969696969699,92.48979187011719,93.25250244140625,94.55000305175781,93.24749755859375,94.36750030517578,103625600.0,2020-07-28
1.0,0.8747561643835616,0.05166575342465754,-0.07656302883561646,-0.8349068965517241,94.26266479492188,95.04000091552734,95.2300033569336,93.7125015258789,93.75,90329200.0,2020-07-29
1.0085470085470085,0.9133367521367523,0.023207692307692315,-0.1014917931196581,-0.9318230769230769,95.40325927734375,96.19000244140625,96.29750061035156,93.76750183105469,94.1875,158130000.0,2020-07-30
1.0,0.8964456310679606,0.05582815533980585,-0.11123420545631066,-0.9293277777777776,105.39089965820312,106.26000213623047,106.41500091552734,100.82499694824219,102.88500213623047,374336800.0,2020-07-31
1.0108695652173914,0.9103586956521738,0.019827173913043474,-0.09417676246739129,-0.9384615384615385,109.16229248046875,110.0625,110.39250183105469,108.89749908447266,109.37750244140625,121776800.0,2020-08-05
1.1967213114754098,0.8957524590163933,0.1705950819672131,-0.10858162306557376,-0.9297083333333335,112.97089385986328,113.90249633789062,114.4124984741211,109.79750061035156,110.40499877929688,202428800.0,2020-08-06
1.0,0.9821269230769233,0.1286153846153846,-0.05366993638461538,-0.9815,110.40241241455078,111.11250305175781,113.67500305175781,110.2925033569336,113.20500183105469,198045600.0,2020-08-07
1.2864077669902914,0.8959300970873789,0.34462378640776686,0.01707690520388349,-0.9037552238805966,112.00709533691406,112.72750091552734,113.7750015258789,110.0,112.5999984741211,212403600.0,2020-08-10
1.7717842323651452,0.9313439834024886,0.4274854771784233,0.0898363100580913,-0.9281904458598722,108.67601013183594,109.375,112.48249816894531,109.10749816894531,111.97000122070312,187902400.0,2020-08-11
1.449814126394052,0.9150204460966548,0.3541689591078065,0.05254611223048327,-0.9215443804034577,112.28778076171875,113.01000213623047,113.2750015258789,110.29750061035156,110.49749755859375,165598000.0,2020-08-12
1.0,0.9238284482758619,0.008043103448275862,-0.06427575600862069,-0.917574603174603,114.2750015258789,115.01000213623047,116.0425033569336,113.92749786376953,114.43000030517578,210082000.0,2020-08-13
1.0,0.935187912087912,0.004802197802197801,-0.21739122371428574,-0.9534698113207546,114.17315673828125,114.90750122070312,115.0,113.04499816894531,114.83000183105469,165565200.0,2020-08-14
1.0,0.9275379629629631,0.01565648148148147,-0.15385607378703708,-0.9359492753623184,113.87507629394531,114.60749816894531,116.0875015258789,113.9625015258789,116.0625,119561600.0,2020-08-17
1.0,0.8816666666666666,0.054150617283950625,0.026564835777777778,-0.8740243902439023,114.823974609375,115.5625,116.0,114.00749969482422,114.35250091552734,105633600.0,2020-08-18
1.0,0.9195129411764705,0.06533058823529413,-0.04726291685882353,-0.9611314285714286,114.9680404663086,115.7074966430664,117.1624984741211,115.61000061035156,115.98249816894531,145538000.0,2020-08-19
1.0,0.9178545454545461,0.11029494949494953,-0.08404662993939394,-0.9093912280701754,117.51913452148438,118.2750015258789,118.39250183105469,115.73249816894531,115.75,126907200.0,2020-08-20
1.0,0.9152372093023259,0.07408372093023256,-0.03759568931395349,-0.9302428571428571,123.57518768310547,124.37000274658203,124.86750030517578,119.25,119.26249694824219,338054800.0,2020-08-21
1.0,0.910549315068493,0.05327945205479452,-0.06823785658904111,-0.9274657894736845,125.05317687988281,125.85749816894531,128.78500366210938,123.9375,128.69749450683594,345937600.0,2020-08-24
1.0,0.902476923076923,0.061825641025641025,-0.028573758358974362,-0.9387244444444443,124.02728271484375,124.82499694824219,125.18000030517578,123.05249786376953,124.69750213623047,211495600.0,2020-08-25
1.0,0.907116867469879,0.004286746987951812,-0.06376278542168676,-0.90861320754717,125.71392822265625,126.52249908447266,126.99250030517578,125.0824966430664,126.18000030517578,163022400.0,2020-08-26
1.0,0.9343674999999999,0.08843749999999999,-0.025159019949999993,-0.9343439024390243,124.21109771728516,125.01000213623047,127.48500061035156,123.8324966430664,127.14250183105469,155552400.0,2020-08-27
1.0,0.9184294117647053,0.06873411764705882,-0.09280564329411765,-0.9518859649122803,124.00989532470703,124.80750274658203,126.44249725341797,124.57749938964844,126.01249694824219,187630000.0,2020-08-28
1.0,0.9071197183098594,0.13213943661971833,-0.04490551053521126,-0.9272261904761905,128.21534729003906,129.0399932861328,131.0,126.0,127.58000183105469,225702700.0,2020-08-31
1.0,0.9257608695652173,0.06290869565217391,-0.1405395502826087,-0.9337379310344829,112.09900665283203,112.81999969482422,118.98999786376953,112.68000030517578,113.94999694824219,231366600.0,2020-09-08
1.2014134275618376,0.9219360424028266,0.28222155477031796,0.029036729579505295,-0.9404142076502734,116.57024383544922,117.31999969482422,119.13999938964844,115.26000213623047,117.26000213623047,176940500.0,2020-09-09
1.2164948453608246,0.8981025773195878,0.4827556701030928,0.021354446391752574,-0.9429650000000005,112.76471710205078,113.48999786376953,120.5,112.5,120.36000061035156,182274400.0,2020-09-10
1.063063063063063,0.9422720720720719,0.28508288288288297,0.10185816376576574,-0.9453249999999997,111.28424072265625,112.0,115.2300033569336,110.0,114.56999969482422,180860300.0,2020-09-11
8.098814229249012,0.9248478260869564,0.3635754940711462,-0.02003585797628459,-0.9255369047619052,114.62277221679688,115.36000061035156,115.93000030517578,112.80000305175781,114.72000122070312,140150100.0,2020-09-14
3.2444444444444445,0.9174705555555568,0.35474583333333304,0.07077094508055556,-0.9384995454545456,114.80162048339844,115.54000091552734,118.83000183105469,113.61000061035156,118.33000183105469,184642000.0,2020-09-15
3.679640718562874,0.9079730538922153,0.3176371257485032,0.005992579961077848,-0.9362131818181815,111.41339874267578,112.12999725341797,116.0,112.04000091552734,115.2300033569336,154679000.0,2020-09-16
34.27477477477478,0.9224229729729732,0.31659684684684686,-0.03988842811711711,-0.9154842857142858,109.63484954833984,110.33999633789062,112.19999694824219,108.70999908447266,109.72000122070312,178011000.0,2020-09-17
3.183333333333333,0.9331916666666663,0.32551166666666675,0.0557479888125,-0.9558303030303026,106.15721130371094,106.83999633789062,110.87999725341797,106.08999633789062,110.4000015258789,287104900.0,2020-09-18
1.4,0.9369141666666668,0.2641266666666666,0.025426721075,-0.9472500000000003,109.37651062011719,110.08000183105469,110.19000244140625,103.0999984741211,104.54000091552734,195713800.0,2020-09-21
1.2483221476510067,0.9216241610738253,0.2493489932885905,0.03376640389261745,-0.9363613861386137,111.095458984375,111.80999755859375,112.86000061035156,109.16000366210938,112.68000030517578,183055400.0,2020-09-22
1.256140350877193,0.9124284210526306,0.3345399999999998,0.03388869036842104,-0.9336708791208783,106.4354248046875,107.12000274658203,112.11000061035156,106.7699966430664,111.62000274658203,150718700.0,2020-09-23
1.183574879227053,0.9022367149758451,0.24787149758454124,-0.0180052720531401,-0.9469305084745759,107.52840423583984,108.22000122070312,110.25,105.0,105.16999816894531,167743300.0,2020-09-24
1.1208053691275168,0.9085617449664424,0.33612080536912753,0.03810689475838926,-0.9394636363636362,111.56244659423828,112.27999877929688,112.44000244140625,107.66999816894531,108.43000030517578,149981400.0,2020-09-25
1.715846994535519,0.9299480874316937,0.20729344262295077,-0.03079562467759564,-0.9356199999999998,114.22532653808594,114.95999908447266,115.31999969482422,112.77999877929688,115.01000213623047,137672400.0,2020-09-28
1.8337801608579087,0.9256978552278808,0.29299973190348527,0.03151862550938338,-0.95035358649789,113.36088562011719,114.08999633789062,115.30999755859375,113.56999969482422,114.55000305175781,99382200.0,2020-09-29
1.2838427947598254,0.9095676855895197,0.2160624454148473,-0.0015923124410480375,-0.8959128571428568,115.06988525390625,115.80999755859375,117.26000213623047,113.62000274658203,113.79000091552734,142675200.0,2020-09-30
1.0,0.9314296875,0.08257500000000001,-0.06759133840625,-0.9009583333333334,115.75547790527344,116.5,116.6500015258789,113.55000305175781,113.91000366210938,106243800.0,2020-10-05
1.1451612903225807,0.9365387096774195,0.15352741935483868,-0.007276187967741939,-0.9492864864864864,112.43682861328125,113.16000366210938,116.12000274658203,112.25,115.69999694824219,161498200.0,2020-10-06
1.0,0.9149826086956522,0.09952463768115946,-0.031604842,-0.9144160000000001,114.34455108642578,115.08000183105469,115.55000305175781,114.12999725341797,114.62000274658203,96849000.0,2020-10-07
1.0,0.91576582278481,0.05351772151898734,-0.07523138992405064,-0.9356395348837208,114.23526000976562,114.97000122070312,116.4000015258789,114.58999633789062,116.25,83477200.0,2020-10-08
1.3901515151515151,0.9187719696969695,0.25258446969696974,-0.006908404337121208,-0.9464254545454542,116.22247314453125,116.97000122070312,117.0,114.91999816894531,115.27999877929688,100506900.0,2020-10-09
1.337864077669903,0.9149671844660199,0.30911165048543665,0.006581860374757294,-0.9315731707317076,123.60499572753906,124.4000015258789,125.18000030517578,119.27999877929688,120.05999755859375,240226800.0,2020-10-12
1.2117647058823529,0.9009205882352941,0.35445235294117616,0.03500346505882353,-0.9166106796116504,120.32608795166016,121.0999984741211,125.38999938964844,119.6500015258789,125.2699966430664,262330500.0,2020-10-13
1.2477064220183487,0.9142114678899071,0.3837339449541284,0.04676325194495413,-0.9332264516129025,120.4155044555664,121.19000244140625,123.02999877929688,119.62000274658203,121.0,150712000.0,2020-10-14
1.1878172588832487,0.8973309644670054,0.3820944162436551,0.011586283974619287,-0.9195687500000003,119.9385757446289,120.70999908447266,121.19999694824219,118.1500015258789,118.72000122070312,112559200.0,2020-10-15
1.2985074626865671,0.9185238805970151,0.40423507462686564,0.02200266229104477,-0.9364843137254906,118.25936889648438,119.0199966430664,121.55000305175781,118.80999755859375,121.27999877929688,115393800.0,2020-10-16
1.5350877192982457,0.9025614035087716,0.4099964912280703,-0.019279370184210526,-0.908495945945946,115.23880767822266,115.9800033569336,120.41999816894531,115.66000366210938,119.95999908447266,120639300.0,2020-10-19
1.3135313531353134,0.9179125412541256,0.30302838283828365,-0.04427267399009901,-0.9524532407407403,116.75902557373047,117.51000213623047,118.9800033569336,115.62999725341797,116.19999694824219,124423700.0,2020-10-20
1.5319148936170213,0.9211068085106382,0.38658510638297866,-0.011966999289361704,-0.9358314285714279,116.12311553955078,116.87000274658203,118.70999908447266,116.44999694824219,116.66999816894531,89946000.0,2020-10-21
1.3881856540084387,0.9235308016877636,0.31520759493670875,0.047916045675105504,-0.9466241134751774,115.01026916503906,115.75,118.04000091552734,114.58999633789062,117.44999694824219,101988000.0,2020-10-22
1.3132530120481927,0.8924156626506018,0.3557240963855423,0.02617126451204819,-0.910266666666666,114.3048095703125,115.04000091552734,116.55000305175781,114.27999877929688,116.38999938964844,82572600.0,2020-10-23
1.1485714285714286,0.9015262857142857,0.4405188571428572,0.006524230079999998,-0.913941129032258,114.31474304199219,115.05000305175781,116.55000305175781,112.87999725341797,114.01000213623047,111850700.0,2020-10-26
2.1435897435897435,0.9298420512820503,0.4497225641025642,0.01791670168717948,-0.9452008264462805,115.8548355102539,116.5999984741211,117.27999877929688,114.54000091552734,115.48999786376953,92276800.0,2020-10-27
1.4413793103448276,0.8998234482758617,0.35212689655172397,0.023244133275862073,-0.906139423076923,110.48934173583984,111.19999694824219,115.43000030517578,111.0999984741211,115.05000305175781,143937800.0,2020-10-28
2.0704225352112675,0.9238859154929572,0.2146492957746479,-0.1224343352253521,-0.9361233009708737,114.58301544189453,115.31999969482422,116.93000030517578,112.19999694824219,112.37000274658203,146129200.0,2020-10-29
1.1117021276595744,0.9342691489361692,0.33410851063829783,0.0164994207393617,-0.949784347826087,108.164306640625,108.86000061035156,111.98999786376953,107.72000122070312,111.05999755859375,190272600.0,2020-10-30
0.9761904761904762,0.9185904761904763,0.07478571428571429,-0.011341021166666663,-0.9161576923076924,118.2693099975586,119.02999877929688,119.62000274658203,116.87000274658203,117.94999694824219,126387100.0,2020-11-05
10.872727272727273,0.9210036363636364,0.09961272727272728,-0.058362296490909106,-0.9311193548387097,118.13495635986328,118.69000244140625,119.19999694824219,116.12999725341797,118.31999969482422,114457900.0,2020-11-06
1.7764227642276422,0.9414231707317079,0.4382199186991873,0.039630398398374,-0.9548521739130433,115.77603149414062,116.31999969482422,121.98999786376953,116.05000305175781,120.5,154515300.0,2020-11-09
1.3952802359882006,0.915492035398229,0.462058112094395,0.018942038041297925,-0.9286296943231435,115.42766571044922,115.97000122070312,117.58999633789062,114.12999725341797,115.55000305175781,138023400.0,2020-11-10
1.771551724137931,0.9115008620689647,0.31084784482758626,0.007044522931034485,-0.9498772151898731,118.93120574951172,119.48999786376953,119.62999725341797,116.44000244140625,117.19000244140625,112295000.0,2020-11-11
1.4098765432098765,0.9116375308641969,0.3920641975308641,-0.014569054639506173,-0.9202578947368412,118.65251159667969,119.20999908447266,120.52999877929688,118.56999969482422,119.62000274658203,103162300.0,2020-11-12
1.7202380952380953,0.9044351190476185,0.28070059523809526,0.042300382208333334,-0.9133177083333334,118.70228576660156,119.26000213623047,119.66999816894531,117.87000274658203,119.44000244140625,81581900.0,2020-11-13
16.842767295597483,0.9092830188679243,0.3533301886792454,0.0008903629433962251,-0.9159539130434774,119.73741912841797,120.30000305175781,120.98999786376953,118.1500015258789,118.91999816894531,91183000.0,2020-11-16
11.742489270386265,0.9093167381974254,0.23863261802575103,-0.0007707297553648084,-0.9276155405405401,118.8316650390625,119.38999938964844,120.66999816894531,118.95999908447266,119.55000305175781,74271000.0,2020-11-17
6.371794871794871,0.9088209401709405,0.34797649572649536,0.016553531213675216,-0.92762012987013,117.47802734375,118.02999877929688,119.81999969482422,118.0,118.61000061035156,76322100.0,2020-11-18
3.925619834710744,0.9210723140495866,0.35158884297520654,0.0301765916570248,-0.9318735294117637,118.0851821899414,118.63999938964844,119.05999755859375,116.80999755859375,117.58999633789062,74113000.0,2020-11-19
1.9047619047619047,0.9127492063492058,0.4504317460317457,0.03451845065608465,-0.9404397058823529,116.79125213623047,117.33999633789062,118.7699966430664,117.29000091552734,118.63999938964844,73604300.0,2020-11-20
5.321052631578947,0.9338757894736835,0.26891631578947356,-0.016875063442105268,-0.9414698275862062,113.31758117675781,113.8499984741211,117.62000274658203,113.75,117.18000030517578,127959300.0,2020-11-23
1.3948220064724919,0.917481877022653,0.29718090614886705,0.014335046300970872,-0.9333037344398332,114.63140869140625,115.16999816894531,115.8499984741211,112.58999633789062,113.91000366210938,113874200.0,2020-11-24
1.2633228840125392,0.9362429467084643,0.2751369905956114,0.03645402416614421,-0.9643975206611564,115.48738098144531,116.02999877929688,116.75,115.16999816894531,115.55000305175781,76499200.0,2020-11-25
1.2418952618453865,0.9276117206982561,0.3201473815461348,0.018378902416458856,-0.9481571917808217,116.04476165771484,116.58999633789062,117.48999786376953,116.22000122070312,116.56999969482422,46691300.0,2020-11-27
1.4312354312354312,0.9004139860139854,0.4013156177156178,0.05126073359906755,-0.933112686567164,118.49327087402344,119.05000305175781,120.97000122070312,116.80999755859375,116.97000122070312,169410200.0,2020-11-30
1.0,0.9040846153846155,0.11671538461538461,-0.03666806561538462,-0.8981166666666668,123.17127990722656,123.75,124.56999969482422,122.25,122.30999755859375,86712000.0,2020-12-07
1.0,0.9126837837837836,0.09343603603603604,-0.059761385684684705,-0.929504,123.79833984375,124.37999725341797,124.9800033569336,123.08999633789062,124.37000274658203,82225500.0,2020-12-08
1.6337209302325582,0.9168819767441857,0.3509244186046511,-0.0026900795930232565,-0.9341543103448275,121.21049499511719,121.77999877929688,125.94999694824219,121.0,124.52999877929688,115089200.0,2020-12-09
1.2666666666666666,0.9351441666666684,0.30526416666666684,0.02744297783333332,-0.9475673758865256,122.66366577148438,123.23999786376953,123.87000274658203,120.1500015258789,120.5,81312200.0,2020-12-10
1.0416666666666667,0.9225781250000006,0.30634114583333316,0.030844004046874998,-0.9381723577235762,121.83755493164062,122.41000366210938,122.76000213623047,120.55000305175781,122.43000030517578,86939800.0,2020-12-11
1.4342105263157894,0.9150958881578944,0.1961447368421052,-0.05074984957072368,-0.9289778920308481,121.21049499511719,121.77999877929688,123.3499984741211,121.54000091552734,122.5999984741211,79184500.0,2020-12-14
1.5303030303030303,0.9136818181818185,0.3284672727272728,-0.011192646727272727,-0.9454266055045868,127.28196716308594,127.87999725341797,127.9000015258789,124.12999725341797,124.33999633789062,157243700.0,2020-12-15
1.4548387096774194,0.9161587096774194,0.33301741935483864,0.006099285616129033,-0.9202123655913977,127.21229553222656,127.80999755859375,128.3699951171875,126.55999755859375,127.41000366210938,98208600.0,2020-12-16
2.3144654088050314,0.9066088050314464,0.35828270440251536,0.004912762522012583,-0.9059568527918779,128.09812927246094,128.6999969482422,129.5800018310547,128.0399932861328,128.89999389648438,94359800.0,2020-12-17
6.855769230769231,0.9141805769230765,0.3396890384615388,0.00598438577115384,-0.9432827893175064,126.06768035888672,126.66000366210938,129.10000610351562,126.12000274658203,128.9600067138672,192541500.0,2020-12-18
2.869047619047619,0.9080609126984122,0.398500992063492,0.0002485225039682614,-0.9360509933774824,127.63033294677734,128.22999572753906,128.30999755859375,123.44999694824219,125.0199966430664,121251600.0,2020-12-21
1.300854700854701,0.9105131623931627,0.4145468376068375,0.029038831208547,-0.9389051912568307,131.2632598876953,131.8800048828125,134.41000366210938,129.64999389648438,131.61000061035156,168904800.0,2020-12-22
1.1865357643758765,0.90428064516129,0.3276847124824689,0.04678460408976158,-0.9099642857142851,130.34756469726562,130.9600067138672,132.42999267578125,130.77999877929688,132.16000366210938,88223700.0,2020-12-23
1.0103092783505154,0.9069007363770241,0.2988285714285714,0.0445143448718704,-0.9219853846153842,131.3528289794922,131.97000122070312,133.4600067138672,131.10000610351562,131.32000732421875,54930100.0,2020-12-24
1.1929824561403508,0.9225270676691723,0.4196631578947368,0.020317078756892235,-0.9312207468879673,136.05078125,136.69000244140625,137.33999633789062,133.50999450683594,133.99000549316406,124486200.0,2020-12-28
1.2077502691065662,0.9103832077502683,0.2792080731969858,-1.0925801937566452e-05,-0.9311439108061753,134.23927307128906,134.8699951171875,138.7899932861328,134.33999633789062,138.0500030517578,121047300.0,2020-12-29
1.2464358452138493,0.9049156822810591,0.23997291242362512,0.01918213479633401,-0.9304272373540852,133.09466552734375,133.72000122070312,135.99000549316406,133.39999389648438,135.5800018310547,96452100.0,2020-12-30
1.1122448979591837,0.9087859693877552,0.4174153061224485,0.03454687356122448,-0.9213927999999995,132.06947326660156,132.69000244140625,134.74000549316406,131.72000122070312,134.0800018310547,99116600.0,2020-12-31
1.2824242424242425,0.9328792727272751,0.28176666666666667,-0.0038628177260606037,-0.9428006849315081,128.8048095703125,129.41000366210938,133.61000061035156,126.76000213623047,133.52000427246094,143301900.0,2021-01-04
3.314946619217082,0.917159430604982,0.3753370106761567,-0.012468457072953746,-0.9353925120772942,130.39732360839844,131.00999450683594,131.74000549316406,128.42999267578125,128.88999938964844,97664900.0,2021-01-05
4.761316872427984,0.9198839506172842,0.36917160493827167,0.03197713975720164,-0.932124852071005,126.0079574584961,126.5999984741211,131.0500030517578,126.37999725341797,127.72000122070312,155088000.0,2021-01-06
5.308437067773167,0.8819680497925309,0.2828141078838172,0.019190977135546326,-0.9057641129032269,130.30775451660156,130.9199981689453,131.6300048828125,127.86000061035156,128.36000061035156,109578200.0,2021-01-07
1.0,0.9335903225806454,0.33261693548387067,0.035479660956989234,-0.9522293436293429,131.43246459960938,132.0500030517578,132.6300048828125,130.22999572753906,132.42999267578125,105158200.0,2021-01-08
4.530259365994237,0.9052368876080691,0.3550675792507208,0.013381557688760804,-0.9162429501084581,130.27789306640625,130.88999938964844,131.4499969482422,128.49000549316406,128.75999450683594,88636800.0,2021-01-13
2.0220137134608445,0.9752435582822027,0.0933911584265607,0.006532050136412843,-0.9483915520628696,128.30715942382812,128.91000366210938,131.0,128.75999450683594,130.8000030517578,90221800.0,2021-01-14
4.767962308598351,0.9200399293286228,0.3572826855123681,0.0204815283557126,-0.936115849056604,126.54542541503906,127.13999938964844,130.22000122070312,127.0,128.77999877929688,111598500.0,2021-01-15
3.6519174041297937,0.9374852507374644,0.3256097345132744,0.00676633325663717,-0.946206382978724,127.2322006225586,127.83000183105469,128.7100067138672,126.94000244140625,127.77999877929688,90757300.0,2021-01-19
3.900172117039587,0.9113043029259909,0.38103820998278837,0.04081948682960416,-0.9247013333333336,131.41256713867188,132.02999877929688,132.49000549316406,128.5500030517578,128.66000366210938,104319500.0,2021-01-20
5.264475743348982,0.931276838810642,0.3519522691705793,0.009049577888888886,-0.9363827102803743,136.2299346923828,136.8699951171875,139.6699981689453,133.58999633789062,133.8000030517578,120150900.0,2021-01-21
3.90311986863711,0.9173651888341541,0.3211054187192118,0.00012815541379310159,-0.9314956916099769,138.4196319580078,139.07000732421875,139.85000610351562,135.02000427246094,136.27999877929688,114459400.0,2021-01-22
1.0,0.9031054794520543,0.504024657534247,0.008631197986301369,-0.9186890909090908,142.2516326904297,142.9199981689453,145.08999633789062,136.5399932861328,143.07000732421875,157611700.0,2021-01-25
1.0,0.8954615384615384,0.21503846153846157,0.02870793069230769,-0.9346333333333333,142.4905242919922,143.16000366210938,144.3000030517578,141.3699951171875,143.60000610351562,98390600.0,2021-01-26
2.454861111111111,0.9227920138888884,0.271009722222222,0.020534274083333335,-0.9296009090909089,141.39566040039062,142.05999755859375,144.3000030517578,140.41000366210938,143.42999267578125,140843800.0,2021-01-27
13.265646731571627,0.9285393602225321,0.21868080667593895,-0.004025313094575801,-0.9426261859582552,136.44888305664062,137.08999633789062,141.99000549316406,136.6999969482422,139.52000427246094,142621100.0,2021-01-28
4.579591836734694,0.9284780952380961,0.21414000000000002,-0.025697802813605442,-0.9451725146198839,131.34288024902344,131.9600067138672,136.74000549316406,130.2100067138672,135.8300018310547,177523800.0,2021-01-29
1.304480651731161,0.9125663951120164,0.383391955193483,0.021126572811608964,-0.9312699212598432,133.5126953125,134.13999938964844,135.3800048828125,130.92999267578125,133.75,106239800.0,2021-02-01
7.719430485762144,0.9214043551088802,0.3310098827470689,0.02376206634087101,-0.9373829710144949,134.3587188720703,134.99000549316406,136.30999755859375,134.61000061035156,135.72999572753906,83305400.0,2021-02-02
1.3655913978494623,0.9043535483870965,0.2963346236559138,0.015257256006451616,-0.9107243967828408,133.31362915039062,133.94000244140625,135.77000427246094,133.61000061035156,135.75999450683594,89880900.0,2021-02-03
1.0373532550693703,0.9193909284951982,0.34048858057630765,0.03378875690928496,-0.9345844197138321,136.74749755859375,137.38999938964844,137.39999389648438,134.58999633789062,136.3000030517578,84183100.0,2021-02-04
3.365079365079365,0.9093181657848333,0.3167834215167549,-0.0059995000493827146,-0.9318863746958653,136.3238525390625,136.75999450683594,137.4199981689453,135.86000061035156,137.35000610351562,75693800.0,2021-02-05
1.0,0.9136003521126752,0.19497147887323937,-0.013398746781690141,-0.9294569999999998,136.47337341308594,136.91000366210938,136.9600067138672,134.9199981689453,136.02999877929688,71297200.0,2021-02-08
5.828644501278772,0.9294690537084397,0.4157163682864449,0.008705110276214836,-0.9438896057347661,135.57623291015625,136.00999450683594,137.8800048828125,135.85000610351562,136.6199951171875,76774200.0,2021-02-09
2.1549295774647885,0.9432492957746478,0.15018591549295773,-0.041983797521126756,-0.9709219999999997,134.95822143554688,135.38999938964844,136.99000549316406,134.39999389648438,136.47999572753906,73046600.0,2021-02-10
1.0092213114754098,0.9145006147540988,0.3295450819672131,0.02307339693340163,-0.9365739263803692,132.76524353027344,133.19000244140625,136.00999450683594,132.7899932861328,135.49000549316406,80576300.0,2021-02-16
1.2846497764530551,0.9109171385991052,0.35084932935916574,0.034061457777943366,-0.9152160377358487,130.4227294921875,130.83999633789062,132.22000122070312,129.47000122070312,131.25,97918500.0,2021-02-17
1.4617700180614088,0.9224523178807956,0.2706187838651417,0.01483927204515351,-0.9322908525754908,129.2963409423828,129.7100067138672,130.0,127.41000366210938,129.1999969482422,96856700.0,2021-02-18
1.3283245679939895,0.9188385424492856,0.2959685950413221,0.022912770172051095,-0.9309088397790068,129.455810546875,129.8699951171875,130.7100067138672,128.8000030517578,130.24000549316406,87668800.0,2021-02-19
1.6301498127340823,0.9306142322097384,0.29782659176030035,-0.0018794194756554276,-0.9480877492877502,125.59815979003906,126.0,129.72000122070312,125.5999984741211,128.00999450683594,103916400.0,2021-02-22
13.399118942731278,0.9200377973568283,0.27390352422907505,0.00815461542863436,-0.9394136118598403,125.45861053466797,125.86000061035156,126.70999908447266,118.38999938964844,123.76000213623047,158273000.0,2021-02-23
10.826801517067004,0.9190103034134002,0.2848760429835653,0.015638625836915294,-0.9354778498609846,124.95024108886719,125.3499984741211,125.55999755859375,122.2300033569336,124.94000244140625,111039900.0,2021-02-24
7.664179104477612,0.9263531716417918,0.2706738184079607,0.007804771640547271,-0.9425054721977052,120.60414123535156,120.98999786376953,126.45999908447266,120.54000091552734,124.68000030517578,148199500.0,2021-02-25
13.871405750798722,0.9223806709265192,0.2921757987220452,0.006438690659744413,-0.9393673224043737,120.87328338623047,121.26000213623047,124.8499984741211,121.19999694824219,122.58999633789062,164560400.0,2021-02-26
1.2319790301441678,0.927303276539975,0.4303201834862391,-0.011226623395806032,-0.9511714003944783,127.38245391845703,127.79000091552734,127.93000030517578,122.79000091552734,123.75,116307900.0,2021-03-01
5.4628019323671495,0.9158417391304363,0.40190657004831015,0.03209746286666667,-0.9333709039548037,124.72097778320312,125.12000274658203,128.72000122070312,125.01000213623047,128.41000366210938,102260900.0,2021-03-02
7.1787538304392235,0.9179629213483166,0.3140813074565885,-0.018054255918283968,-0.9408200000000011,121.67073059082031,122.05999755859375,125.70999908447266,121.83999633789062,124.80999755859375,112966300.0,2021-03-03
1.0,0.9322285483870978,0.32170822580645125,0.0015317404451612928,-0.9544872340425524,119.74687957763672,120.12999725341797,123.5999984741211,118.62000274658203,121.75,178155000.0,2021-03-04
3.611111111111111,0.9229157088122619,0.2527350574712651,-0.034698992567049815,-0.9382752793296103,121.03276824951172,121.41999816894531,121.94000244140625,117.56999969482422,120.9800033569336,153766600.0,2021-03-05
1.0715705765407555,0.9097429423459242,0.3584202783300199,0.02591529155666003,-0.9231166172106827,115.98890686035156,116.36000061035156,121.0,116.20999908447266,120.93000030517578,154376600.0,2021-03-08
3.317901234567901,0.915046296296296,0.37150308641975294,0.021304590265432098,-0.932251923076923,120.70381927490234,121.08999633789062,122.05999755859375,118.79000091552734,119.02999877929688,129525800.0,2021-03-09
24.25423728813559,0.9126152542372875,0.27792542372881357,0.04951451186440678,-0.988021052631579,119.59736633300781,119.9800033569336,122.16999816894531,119.44999694824219,121.69000244140625,111943300.0,2021-03-10
1.1928665785997359,0.9051634081902237,0.3855549537648616,0.02522799868031704,-0.9246622309197643,123.59456634521484,123.98999786376953,124.0,120.41999816894531,121.41000366210938,92403800.0,2021-03-15
1.4127218934911243,0.912490532544379,0.295659023668639,-0.00234341145857988,-0.9241049040511726,125.1695327758789,125.56999969482422,127.22000122070312,124.72000122070312,125.69999694824219,115227900.0,2021-03-16
1.1582867783985102,0.9152001862197393,0.33486890130353847,0.008001267964618253,-0.9305838709677416,124.36212158203125,124.76000213623047,125.86000061035156,122.33999633789062,124.05000305175781,111932600.0,2021-03-17
1.3310291858678955,0.9248516129032258,0.26867296466973933,-0.009500061682027649,-0.9456639915522712,121.00286102294922,121.38999938964844,122.58000183105469,120.7300033569336,121.6500015258789,80819200.0,2021-03-29
1.3964562569213732,0.9300757475083066,0.30001018826135123,-0.0021167500786267992,-0.9504427406199029,119.51761627197266,119.9000015258789,120.4000015258789,118.86000061035156,120.11000061035156,85671900.0,2021-03-30
1.3508771929824561,0.9335007017543863,0.24417280701754387,-0.016943358268421055,-0.9419827930174564,121.76044464111328,122.1500015258789,123.5199966430664,121.1500015258789,121.6500015258789,118323800.0,2021-03-31
1.76608784473953,0.9169986721144038,0.38707701736465827,0.0009005691031664954,-0.928946200607903,122.60772705078125,123.0,124.18000030517578,122.48999786376953,123.66000366210938,75089100.0,2021-04-01
3.810055865921788,0.9143130087789325,0.20816807661612177,-0.025203121492418212,-0.9343516447368441,125.49848937988281,125.9000015258789,126.16000366210938,123.06999969482422,123.87000274658203,88651200.0,2021-04-05
5.370018975332068,0.9099912713472484,0.3115593927893738,-0.011468611472485759,-0.9434146739130426,125.8074951171875,126.20999908447266,127.12999725341797,125.6500015258789,126.5,80171300.0,2021-04-06
16.043956043956044,0.9192358241758243,0.3822676923076923,0.010627910063736264,-0.9372318327974272,127.49211120605469,127.9000015258789,127.91999816894531,125.13999938964844,125.83000183105469,83466700.0,2021-04-07
1.3981308411214954,0.9106844859813081,0.43367775700934574,-0.022611069349532713,-0.9334449086161862,129.9442596435547,130.36000061035156,130.38999938964844,128.52000427246094,128.9499969482422,88844600.0,2021-04-08
3.1481481481481484,0.8982185185185183,0.3310077441077436,-0.0024880273232323236,-0.912408040201005,132.57583618164062,133.0,133.0399932861328,129.47000122070312,129.8000030517578,106686700.0,2021-04-09
1.5585443037974684,0.9209781645569621,0.3235515822784815,-0.014458293680379753,-0.9332743982494526,131.6089324951172,132.02999877929688,135.0,131.66000366210938,134.94000244140625,87222800.0,2021-04-14
1.9613319011815253,0.9236810955961345,0.34889076262083735,0.02611480489258863,-0.9353178396072026,134.07106018066406,134.5,135.0,133.63999938964844,133.82000732421875,89347100.0,2021-04-15
2.2265917602996255,0.9296260299625471,0.3902829588014983,0.03944926192883895,-0.9411075949367091,133.73214721679688,134.16000366210938,134.6699981689453,133.27999877929688,134.3000030517578,84922400.0,2021-04-16
2.0749625187406298,0.9141686656671663,0.2905299850074963,0.013587596224887546,-0.9347676211453726,134.40997314453125,134.83999633789062,135.47000122070312,133.33999633789062,133.50999450683594,94264200.0,2021-04-19
2.1129032258064515,0.9184465260545911,0.2898483870967745,-0.004072860609181143,-0.9436381355932213,132.6855010986328,133.11000061035156,135.52999877929688,131.80999755859375,135.02000427246094,94812300.0,2021-04-20
2.8173076923076925,0.9213490384615395,0.31586648351648383,0.02478787786263736,-0.930924890829695,133.07423400878906,133.5,133.75,131.3000030517578,132.36000061035156,68847100.0,2021-04-21
2.274300932090546,0.9188149134487353,0.32828841544607185,0.0057300077523302195,-0.9381106813996323,131.51922607421875,131.94000244140625,134.14999389648438,131.41000366210938,133.0399932861328,84566500.0,2021-04-22
2.7469244288224957,0.9222613356766253,0.3004836555360283,0.022914985871704763,-0.9389554376657812,133.89163208007812,134.32000732421875,135.1199951171875,132.16000366210938,132.16000366210938,78657500.0,2021-04-23
3.145214521452145,0.9177938943894396,0.3613844884488456,-0.02274996470957096,-0.9493074829931977,134.2903594970703,134.72000122070312,135.05999755859375,133.55999755859375,134.8300018310547,66905100.0,2021-04-26
4.268176400476758,0.9244164481525626,0.3522387365911803,0.04496604629678186,-0.9407490974729241,133.96141052246094,134.38999938964844,135.41000366210938,134.11000061035156,135.00999450683594,66015800.0,2021-04-27
4.917280917280917,0.9201816543816541,0.3493208845208842,0.01771263764537264,-0.9406122988505754,133.15399169921875,133.5800018310547,135.02000427246094,133.0800018310547,134.30999755859375,107760100.0,2021-04-28
4.197044334975369,0.9149125615763567,0.27673957307060804,-0.008944678485221676,-0.9401303754266227,133.05430603027344,133.47999572753906,137.07000732421875,132.4499969482422,136.47000122070312,151101000.0,2021-04-29
2.611940298507463,0.9270918484500578,0.30829173363949497,-0.003944413405281282,-0.9388410509031202,131.04075622558594,131.4600067138672,133.55999755859375,131.07000732421875,131.77999877929688,109839500.0,2021-04-30
34.29333333333334,0.87064,0.25856666666666656,-0.004056815306666669,-0.9043450980392158,132.11729431152344,132.5399932861328,134.07000732421875,131.8300018310547,132.0399932861328,75135100.0,2021-05-03
1.1600496277915633,0.9061735732009936,0.33860409429280464,-0.0009795918759305199,-0.93058154425612,127.4422607421875,127.8499984741211,131.49000549316406,126.69999694824219,131.19000244140625,137564700.0,2021-05-04
2.623110151187905,0.9125382289416837,0.3210246220302381,0.007684047322894167,-0.9273479432624113,127.69146728515625,128.10000610351562,130.4499969482422,127.97000122070312,129.1999969482422,84000900.0,2021-05-05
5.0846325167037865,0.90844276169265,0.42757394209354077,0.0533216749599109,-0.9259301694915255,129.3262481689453,129.74000549316406,129.75,127.12999725341797,127.88999938964844,78128300.0,2021-05-06
4.938356164383562,0.8909351027397266,0.3097356164383564,0.02691247059760274,-0.9079334224598925,130.0152130126953,130.2100067138672,131.25999450683594,129.47999572753906,130.85000610351562,78973300.0,2021-05-07
11.822222222222223,0.9096477777777777,0.295171111111111,-0.011584872666666666,-0.9665532258064513,126.66022491455078,126.8499984741211,129.5399932861328,126.80999755859375,129.41000366210938,88071200.0,2021-05-10
4.602081665332266,0.9226040832666141,0.3049526821457174,0.013635088524419537,-0.9387565775401076,124.78304290771484,124.97000122070312,126.1500015258789,124.26000213623047,124.58000183105469,105861300.0,2021-05-13
4.694748358862144,0.9301484682713347,0.315693654266959,0.002799248433260392,-0.9501624821683314,127.25933074951172,127.44999694824219,127.88999938964844,125.8499984741211,126.25,81918000.0,2021-05-14
7.171223021582734,0.9158923741007208,0.2355962589928055,0.017692561117985613,-0.9401955032119919,126.08109283447266,126.2699966430664,126.93000030517578,125.16999816894531,126.81999969482422,74244600.0,2021-05-17
5.331081081081081,0.9204636486486482,0.3337582432432437,0.02218321179054054,-0.9515338266384796,124.66322326660156,124.8499984741211,126.98999786376953,124.77999877929688,126.55999755859375,63342900.0,2021-05-18
5.304411764705883,0.9283310294117652,0.27481573529411785,-0.0031835418000000005,-0.9476714579055444,124.50346374511719,124.69000244140625,124.91999816894531,122.86000061035156,123.16000366210938,92612000.0,2021-05-19
4.21669341894061,0.9393507223113959,0.2638810593900483,0.009740205682182984,-0.9520154929577463,127.11953735351562,127.30999755859375,127.72000122070312,125.0999984741211,125.2300033569336,76857100.0,2021-05-20
8.940298507462687,0.9107908789386407,0.3983003316749585,0.03494678136981756,-0.9465765517241382,125.24235534667969,125.43000030517578,128.0,125.20999908447266,127.81999969482422,79295400.0,2021-05-21
4.424901185770751,0.9218537549407125,0.2706521739130436,0.027546519867588923,-0.9401858356940517,126.90985107421875,127.0999984741211,127.94000244140625,125.94000244140625,126.01000213623047,63092900.0,2021-05-24
3.185185185185185,0.9204551198257105,0.3279838779956426,0.015795351357298485,-0.9444049668874173,126.71015930175781,126.9000015258789,128.32000732421875,126.31999969482422,127.81999969482422,72009500.0,2021-05-25
3.82172131147541,0.9158780737704921,0.3196217213114752,0.03247209527868852,-0.9334565982404681,126.66022491455078,126.8499984741211,127.38999938964844,126.41999816894531,126.95999908447266,56575900.0,2021-05-26
4.4405940594059405,0.9245344059405944,0.3035027227722771,0.02776520868564356,-0.9469292682926819,125.09257507324219,125.27999877929688,127.63999938964844,125.08000183105469,126.44000244140625,94625600.0,2021-05-27
4.285714285714286,0.9219190476190482,0.36112678571428597,0.058981166948412704,-0.9363064814814803,124.423583984375,124.61000061035156,125.80000305175781,124.55000305175781,125.56999969482422,71311100.0,2021-05-28
2.8895184135977336,0.914271529745044,0.3482209631728048,0.0170051931671388,-0.925126470588236,124.09407043457031,124.27999877929688,125.3499984741211,123.94000244140625,125.08000183105469,67637100.0,2021-06-01
1.2560975609756098,0.9109630820399134,0.3399494456762753,-0.004116794554323726,-0.9253379727685331,125.70166778564453,125.88999938964844,126.16000366210938,123.8499984741211,124.06999969482422,75169300.0,2021-06-04
7.6314935064935066,0.9123071428571433,0.2570298701298699,-0.01524951269805194,-0.9296081339712919,125.71165466308594,125.9000015258789,126.31999969482422,124.83000183105469,126.16999816894531,71057600.0,2021-06-07
10.667621776504298,0.8882037249283669,0.4479042979942699,0.031542001954154734,-0.91502109375,126.5503921508789,126.73999786376953,128.4600067138672,126.20999908447266,126.5999984741211,74403800.0,2021-06-08
3.4653846153846155,0.9269176923076916,0.36864423076923064,-0.018282909342307696,-0.9426947368421049,126.93981170654297,127.12999725341797,127.75,126.5199966430664,127.20999908447266,56877900.0,2021-06-09
9.323076923076924,0.9089184615384622,0.3225746153846151,0.027060448692307688,-0.9378444444444447,125.92134094238281,126.11000061035156,128.19000244140625,125.94000244140625,127.0199966430664,71186400.0,2021-06-10
10.294736842105262,0.9139591578947356,0.31466757894736835,0.042432752164210524,-0.9401112121212117,130.2847900390625,130.47999572753906,130.5399932861328,127.06999969482422,127.81999969482422,96906500.0,2021-06-14
7.472,0.9119841999999995,0.3288979999999996,0.014402120298000004,-0.9450515337423309,129.44606018066406,129.63999938964844,130.60000610351562,129.38999938964844,129.94000244140625,62746300.0,2021-06-15
5.904,0.9079632000000003,0.33685160000000025,0.02525492227,-0.9171386430678466,129.95529174804688,130.14999389648438,130.88999938964844,128.4600067138672,130.3699951171875,91815000.0,2021-06-16
4.912891986062718,0.9115351916376315,0.33097613240418156,0.02437092513937282,-0.9197748768472903,131.59283447265625,131.7899932861328,132.5500030517578,129.64999389648438,129.8000030517578,96721700.0,2021-06-17
3.3197674418604652,0.9374920542635652,0.31727422480620165,0.006178025571705424,-0.9530361878453038,130.26483154296875,130.4600067138672,131.50999450683594,130.24000549316406,130.7100067138672,108953300.0,2021-06-18
9.792176039119804,0.9320718826405868,0.36074034229828855,-0.002844256696821516,-0.9405059440559431,132.10208129882812,132.3000030517578,132.41000366210938,129.2100067138672,130.3000030517578,79663300.0,2021-06-21
7.672185430463577,0.9140501655629144,0.28698261589404,0.015653819832781465,-0.9334190156599558,133.77955627441406,133.97999572753906,134.0800018310547,131.6199951171875,132.1300048828125,74783600.0,2021-06-22
4.215126050420168,0.9185872268907562,0.3407734453781513,0.03214905237647059,-0.9391360563380274,133.49998474121094,133.6999969482422,134.32000732421875,133.22999572753906,133.77000427246094,60214200.0,2021-06-23
5.828157349896481,0.9123596273291927,0.3382900621118015,0.006099951387163562,-0.9318990881458973,133.21041870117188,133.41000366210938,134.63999938964844,132.92999267578125,134.4499969482422,68711000.0,2021-06-24
3.9485458612975393,0.9077161073825498,0.3388454138702462,0.012310408313199104,-0.931460942760942,132.91087341308594,133.11000061035156,133.88999938964844,132.80999755859375,133.4600067138672,70783700.0,2021-06-25
6.393772893772894,0.9116758241758238,0.25024652014652,0.03831665255677656,-0.9527185792349736,134.578369140625,134.77999877929688,135.25,133.35000610351562,133.41000366210938,62111300.0,2021-06-28
9.234920634920634,0.9088568253968262,0.2758925396825397,0.049037994225396814,-0.9407706632653078,136.1260528564453,136.3300018310547,136.49000549316406,134.35000610351562,134.8000030517578,64556100.0,2021-06-29
4.522691705790297,0.9032943661971823,0.4093338028169017,0.05221042601877933,-0.9274151670951164,136.75511169433594,136.9600067138672,137.41000366210938,135.8699951171875,136.1699981689453,63261400.0,2021-06-30
5.221238938053097,0.9143839724680437,0.29378053097345136,0.026281580106194694,-0.9292195530726258,137.0646514892578,137.27000427246094,137.3300018310547,135.75999450683594,136.60000610351562,52485800.0,2021-07-01
1.0,0.8526205128205129,0.5060692307692306,-0.024031082794871796,-0.8328176470588237,139.75062561035156,139.9600067138672,140.0,137.75,137.89999389648438,78852600.0,2021-07-02
6.563745019920319,0.9180762948207176,0.3618430278884461,0.02890601759960159,-0.9319489736070381,141.8075408935547,142.02000427246094,143.14999389648438,140.07000732421875,140.07000732421875,108181800.0,2021-07-06
3.5062305295950154,0.9181007788162002,0.37184454828660507,-0.0032353911822429935,-0.9420657142857153,144.35372924804688,144.57000732421875,144.88999938964844,142.66000366210938,143.5399932861328,104911600.0,2021-07-07
11.544554455445544,0.9267716831683168,0.26063524752475237,-0.008237939241584159,-0.9398181578947378,143.0257110595703,143.24000549316406,144.05999755859375,140.6699981689453,141.5800018310547,105575500.0,2021-07-08
6.089506172839506,0.9100604938271598,0.34520709876543226,0.003419075203703704,-0.9611728571428569,144.89291381835938,145.11000061035156,145.64999389648438,142.64999389648438,142.75,99890800.0,2021-07-09
4.598930481283422,0.913030748663101,0.34581657754010686,-0.024014668117647065,-0.9438116104868908,145.422119140625,145.63999938964844,147.4600067138672,143.6300048828125,144.02999877929688,100827100.0,2021-07-13
4.768762677484787,0.918335902636916,0.26187363083164317,-0.001598646677484788,-0.9311813888888879,148.92686462402344,149.14999389648438,149.57000732421875,147.67999267578125,148.10000610351562,127050800.0,2021-07-14
6.381026438569207,0.9278953343701417,0.3256738724727834,-0.0010283865163297037,-0.9435856000000004,148.25787353515625,148.47999572753906,150.0,147.08999633789062,149.24000549316406,106820300.0,2021-07-15
2.6032719836400817,0.9311955010224967,0.3286852760736197,-0.013526728672801627,-0.9586597796143269,146.17098999023438,146.38999938964844,149.75999450683594,145.8800048828125,148.4600067138672,93251400.0,2021-07-16
12.901601830663616,0.9312913043478254,0.22917093821510298,0.014978829867276885,-0.9436744262295079,142.2368927001953,142.4499969482422,144.07000732421875,141.6699981689453,143.75,121434600.0,2021-07-19
2.5172413793103448,0.9094660919540226,0.3929020114942531,0.005707713896551724,-0.9280840517241382,145.9313507080078,146.14999389648438,147.10000610351562,142.9600067138672,143.4600067138672,96350000.0,2021-07-20
7.190255220417633,0.8957020881670525,0.2917041763341066,-0.007035728255220416,-0.9106117021276603,145.18247985839844,145.39999389648438,146.1300048828125,144.6300048828125,145.52999877929688,74993500.0,2021-07-21
6.199052132701421,0.9214955766192731,0.34398973143759914,0.007699148685624016,-0.9514404705882347,146.58038330078125,146.8000030517578,148.1999969482422,145.80999755859375,145.94000244140625,77338200.0,2021-07-22
6.09212730318258,0.9199884422110556,0.36514757118928004,-0.01009774491792295,-0.9449882352941171,148.33775329589844,148.55999755859375,148.72000122070312,146.9199981689453,147.5500030517578,71447400.0,2021-07-23
6.285714285714286,0.9283247899159662,0.3720315126050417,-0.0007906915504201653,-0.9428711309523805,148.76712036132812,148.99000549316406,149.8300018310547,147.6999969482422,148.27000427246094,72434100.0,2021-07-26
4.104054054054054,0.9109329729729739,0.2764816216216218,0.021823576695945954,-0.9276614107883818,146.55043029785156,146.77000427246094,149.2100067138672,145.5500030517578,149.1199951171875,104818600.0,2021-07-27
1.0032414910858996,0.9310774716369551,0.3066912479740681,-0.025070934032414914,-0.9395995680345586,144.7631072998047,144.97999572753906,146.97000122070312,142.5399932861328,144.80999755859375,118931200.0,2021-07-28
1.1812227074235808,0.9333644104803502,0.2100864628820961,0.010116790847161569,-0.9590195783132525,145.422119140625,145.63999938964844,146.5500030517578,144.5800018310547,144.69000244140625,56699500.0,2021-07-29
1.002079002079002,0.9280490644490654,0.19703700623700632,-0.016330707910602912,-0.9487013812154697,145.64178466796875,145.86000061035156,146.3300018310547,144.11000061035156,144.3800048828125,70382000.0,2021-07-30
1.2846715328467153,0.9113571776155716,0.36458357664233576,0.0233960600839416,-0.9231824497257778,145.30230712890625,145.52000427246094,146.9499969482422,145.25,146.36000061035156,62880000.0,2021-08-02
1.913884007029877,0.9218462214411252,0.27685325131810207,-0.02200862853602812,-0.9465777509068932,147.13954162597656,147.36000061035156,148.0399932861328,145.17999267578125,145.80999755859375,64786600.0,2021-08-03
1.3730886850152906,0.9134090214067287,0.3233680428134557,0.05034756570642202,-0.9295363425925934,146.73016357421875,146.9499969482422,147.7899932861328,146.27999877929688,147.27000427246094,56368300.0,2021-08-04
4.001988071570577,0.9316841948310166,0.36632107355864835,-0.0029552975566600366,-0.9518872679045116,146.83999633789062,147.05999755859375,147.83999633789062,146.1699981689453,146.97999572753906,46397700.0,2021-08-05
3.0629722921914357,0.9172702770780846,0.337325692695214,-0.010790655455919397,-0.9458097378277152,146.13999938964844,146.13999938964844,147.11000061035156,145.6300048828125,146.35000610351562,54067400.0,2021-08-06
4.032640949554896,0.9266080118694364,0.3588667655786349,-0.01746671127893175,-0.9442291479820624,146.08999633789062,146.08999633789062,146.6999969482422,145.52000427246094,146.1999969482422,48908700.0,2021-08-09
20.2,0.9691400000000001,0.19798000000000004,-0.28372780080000004,-0.9995499999999999,145.60000610351562,145.60000610351562,147.7100067138672,145.3000030517578,146.44000244140625,69023100.0,2021-08-10
3.0136363636363637,0.9248065909090915,0.2572856818181815,0.018843829029545456,-0.9425415094339618,149.10000610351562,149.10000610351562,149.44000244140625,148.27000427246094,148.97000122070312,59318800.0,2021-08-13
5.556363636363637,0.9260207272727273,0.3052258181818182,-0.000623419723636365,-0.9444720812182745,151.1199951171875,151.1199951171875,151.19000244140625,146.47000122070312,148.5399932861328,103296000.0,2021-08-16
9.987117552334944,0.9259731078905,0.2869161030595817,-0.010261930373590984,-0.9459306521739144,150.19000244140625,150.19000244140625,151.67999267578125,149.08999633789062,150.22999572753906,92229700.0,2021-08-17
4.953722334004024,0.9399323943661981,0.21054989939637808,0.012621296301810865,-0.947702801120448,146.36000061035156,146.36000061035156,150.72000122070312,146.14999389648438,149.8000030517578,86326000.0,2021-08-18
5.096692111959287,0.9178284987277353,0.35085419847328225,0.013532704139949113,-0.9283518518518511,146.6999969482422,146.6999969482422,148.0,144.5,145.02999877929688,86960300.0,2021-08-19
5.076767676767677,0.9228282828282826,0.309082222222222,-0.012024303765656566,-0.9497467605633795,148.19000244140625,148.19000244140625,148.5,146.77999877929688,147.44000244140625,59947400.0,2021-08-20
5.822349570200573,0.9015882521489975,0.3744040114613184,3.161163610315089e-05,-0.909639669421487,149.7100067138672,149.7100067138672,150.19000244140625,147.88999938964844,148.30999755859375,60131800.0,2021-08-23
2.599562363238512,0.9104321663019683,0.31968840262582043,0.016727231142231947,-0.9318756598240462,149.6199951171875,149.6199951171875,150.86000061035156,149.14999389648438,149.4499969482422,48606400.0,2021-08-24
3.482837528604119,0.8988247139588094,0.31993752860411867,0.02242371726086957,-0.9119331210191077,148.36000061035156,148.36000061035156,150.32000732421875,147.8000030517578,149.80999755859375,58991300.0,2021-08-25
4.4148148148148145,0.9377308641975307,0.3095466666666666,0.009153865671604939,-0.9518277591973232,147.5399932861328,147.5399932861328,149.1199951171875,147.50999450683594,148.35000610351562,48597200.0,2021-08-26
3.816,0.9108933333333331,0.38482213333333326,0.022304255264,-0.9411662499999996,148.60000610351562,148.60000610351562,148.75,146.8300018310547,147.47999572753906,55721500.0,2021-08-27
6.006451612903226,0.893185806451612,0.3371809677419354,-1.9193709677415185e-06,-0.9365693877551019,153.1199951171875,153.1199951171875,153.49000549316406,148.61000061035156,149.0,90956700.0,2021-08-30
3.0076923076923077,0.9193984615384614,0.3898053846153844,0.0046127972653846145,-0.9428394736842101,151.8300018310547,151.8300018310547,152.8000030517578,151.2899932861328,152.66000366210938,86453100.0,2021-08-31
4.466434176111595,0.926920488230165,0.3363339145597211,0.011710646519616388,-0.944250787401576,152.50999450683594,152.50999450683594,154.97999572753906,152.33999633789062,152.8300018310547,80313700.0,2021-09-01
1.1722428748451053,0.9179680297397765,0.37376171003717473,0.03211475804584883,-0.9389748299319742,153.64999389648438,153.64999389648438,154.72000122070312,152.39999389648438,153.8699951171875,71115500.0,2021-09-02
1.525179856115108,0.9219786330935246,0.27010402877697903,0.026757303547482025,-0.9405909090909103,154.3000030517578,154.3000030517578,154.6300048828125,153.08999633789062,153.75999450683594,57808700.0,2021-09-03
4.568862275449102,0.9018982035928137,0.33424391217564886,0.021298076578842317,-0.9198893854748592,156.69000244140625,156.69000244140625,157.25999450683594,154.38999938964844,154.97000122070312,82278300.0,2021-09-07
3.1036866359447006,0.9083539170506914,0.33541428571428544,-0.013512559336405529,-0.9298551155115509,155.11000061035156,155.11000061035156,157.0399932861328,153.97999572753906,156.97999572753906,74420200.0,2021-09-08
8.073286052009456,0.9192796690307328,0.3281775413711582,0.028338843418439716,-0.9201190311418678,154.07000732421875,154.07000732421875,156.11000061035156,153.9499969482422,155.49000549316406,57305700.0,2021-09-09
2.1052631578947367,0.9720526315789473,0.3675526315789474,-0.06028718694736842,-0.9772333333333333,148.97000122070312,148.97000122070312,155.47999572753906,148.6999969482422,155.0,140646400.0,2021-09-10
3.699367088607595,0.9181851265822787,0.33608386075949365,0.008790735952531646,-0.9413484848484845,149.5500030517578,149.5500030517578,151.4199981689453,148.75,150.6300048828125,102404300.0,2021-09-13
2.87890625,0.9291382812499998,0.3603031249999997,-0.0019996776249999993,-0.9533174603174605,148.1199951171875,148.1199951171875,151.07000732421875,146.91000366210938,150.35000610351562,109296300.0,2021-09-14
7.905817174515235,0.9156864265927985,0.3323091412742379,0.019841117720221606,-0.9308804878048776,149.02999877929688,149.02999877929688,149.44000244140625,146.3699951171875,148.55999755859375,83281300.0,2021-09-15
3.9319526627218937,0.9277044378698233,0.24544940828402376,0.009001396020710062,-0.9382158119658122,148.7899932861328,148.7899932861328,148.97000122070312,147.22000122070312,148.44000244140625,68034100.0,2021-09-16
4.181818181818182,0.9428061425061437,0.2665673218673219,-0.017579531788697794,-0.9608478688524592,146.05999755859375,146.05999755859375,148.82000732421875,145.75999450683594,148.82000732421875,129868800.0,2021-09-17
5.551980198019802,0.9237391089108914,0.25620321782178235,0.002081073086633662,-0.9414174496644296,142.94000244140625,142.94000244140625,144.83999633789062,141.27000427246094,143.8000030517578,123478900.0,2021-09-20
3.314189189189189,0.9152918918918911,0.280353716216216,-0.009976408770270269,-0.9399446009389663,143.42999267578125,143.42999267578125,144.60000610351562,142.77999877929688,143.92999267578125,75834000.0,2021-09-21
7.140425531914894,0.9095008510638302,0.3287119148936168,0.019531998344680855,-0.9227108280254787,145.85000610351562,145.85000610351562,146.42999267578125,143.6999969482422,144.4499969482422,76404300.0,2021-09-22
3.3288590604026846,0.9353060402684557,0.35795906040268455,-0.00027897434563758423,-0.951002830188679,146.8300018310547,146.8300018310547,147.0800018310547,145.63999938964844,146.64999389648438,64838200.0,2021-09-23
5.03125,0.9316673076923077,0.3547439903846153,-0.0016319112692307716,-0.9626010101010096,146.9199981689453,146.9199981689453,147.47000122070312,145.55999755859375,145.66000366210938,53477900.0,2021-09-24
2.787878787878788,0.9265986531986533,0.3255643097643097,0.00972992183164983,-0.9351431472081216,145.3699951171875,145.3699951171875,145.9600067138672,143.82000732421875,145.47000122070312,74150700.0,2021-09-27
5.463414634146342,0.9174653116531174,0.22713550135501348,0.02761600303794038,-0.9372114406779654,141.91000366210938,141.91000366210938,144.75,141.69000244140625,143.25,108972300.0,2021-09-28
6.43,0.9263212500000003,0.32583349999999983,-0.021630584150000007,-0.9480621621621627,142.8300018310547,142.8300018310547,144.4499969482422,142.02999877929688,142.47000122070312,74602000.0,2021-09-29
1.5538461538461539,0.8918200000000001,0.3439092307692308,-0.018759180030769228,-0.9103666666666667,141.5,141.5,144.3800048828125,141.27999877929688,143.66000366210938,88934200.0,2021-09-30
3.1458333333333335,0.9174728009259255,0.3872253472222218,0.013925818004629623,-0.9266841046277673,142.64999389648438,142.64999389648438,142.9199981689453,139.11000061035156,141.89999389648438,94639600.0,2021-10-01
4.04126426690079,0.927678138718176,0.24329578577699768,-0.009821377094820017,-0.9470004728132401,141.11000061035156,141.11000061035156,142.24000549316406,139.36000061035156,139.49000549316406,80861100.0,2021-10-05
3.5635673624288424,0.931789943074004,0.27487020872865287,0.001151225709677422,-0.9500937837837845,142.0,142.0,142.14999389648438,138.3699951171875,139.47000122070312,83221100.0,2021-10-06
3.1818181818181817,0.9164518341307818,0.31309218500797437,-0.006852635145135566,-0.9199283251231527,143.2899932861328,143.2899932861328,144.22000122070312,142.72000122070312,143.05999755859375,61732700.0,2021-10-07
1.9511278195488722,0.9327695488721797,0.35063458646616513,0.022275990556390977,-0.9468906862745099,142.89999389648438,142.89999389648438,144.17999267578125,142.55999755859375,144.02999877929688,58718700.0,2021-10-08
