person_id,official,followers,likes,flair_sentiment_score,vader_score,finbert_score,flair_score,date,"('Adj Close', 'AAPL')","('Close', 'AAPL')","('High', 'AAPL')","('Low', 'AAPL')","('Open', 'AAPL')","('Volume', 'AAPL')","('date', '')"
268752908.1666667,0.041666666666666664,586.5833333333334,1.9166666666666667,0.8574041666666666,0.1512333333333333,0.11028303954166667,-0.8779916666666666,2020-12-31,132.06947326660156,132.69000244140625,134.74000549316406,131.72000122070312,134.0800018310547,99116600.0,2020-12-31
304741238.5539637,0.013849092645654251,2280.041547277937,1.930276981852913,0.90878930276982,0.11874178605539651,-0.009599754183858642,-0.9206745067087635,2021-01-04,128.8048095703125,129.41000366210938,133.61000061035156,126.76000213623047,133.52000427246094,143301900.0,2021-01-04
289246462.4765784,0.018329938900203666,3182.8085539714866,2.065173116089613,0.910376578411406,0.16285967413441932,0.007146406804480657,-0.9223431226765797,2021-01-05,130.39732360839844,131.00999450683594,131.74000549316406,128.42999267578125,128.88999938964844,97664900.0,2021-01-05
305405467.0032538,0.02928416485900217,4335.866594360087,1.9229934924078091,0.9078382863340572,0.11639360086767879,-0.023138221810195227,-0.919448722627737,2021-01-06,126.0079574584961,126.5999984741211,131.0500030517578,126.37999725341797,127.72000122070312,155088000.0,2021-01-06
314774880.1020408,0.03721488595438175,4808.55462184874,2.0240096038415367,0.8975851140456178,0.18620864345738286,0.006572991144057623,-0.9133298780487801,2021-01-07,130.30775451660156,130.9199981689453,131.6300048828125,127.86000061035156,128.36000061035156,109578200.0,2021-01-07
309193607.6123188,0.025362318840579712,3919.6721014492755,2.572463768115942,0.8995298913043464,0.17446105072463755,0.0025378846322463766,-0.9148661184210525,2021-01-08,131.43246459960938,132.0500030517578,132.6300048828125,130.22999572753906,132.42999267578125,105158200.0,2021-01-08
271969794.2758621,0.034482758620689655,3750.7327586206898,2.603448275862069,0.9050439655172412,0.1884362068965516,0.02594336482327586,-0.9160040650406506,2021-01-11,128.37681579589844,128.97999572753906,130.1699981689453,128.5,129.19000244140625,100384500.0,2021-01-11
272434864.46768063,0.026615969581749048,2976.1216730038022,2.494296577946768,0.9026882129277569,0.16589809885931556,0.009609643961977183,-0.9065248366013068,2021-01-12,128.19766235351562,128.8000030517578,129.69000244140625,126.86000061035156,128.5,91951100.0,2021-01-12
272918922.34751284,0.011663807890222984,2593.3766723842195,2.54442538593482,0.9069625728987989,0.12358703259005147,0.0061221226620926245,-0.9209958210712194,2021-01-13,130.27789306640625,130.88999938964844,131.4499969482422,128.49000549316406,128.75999450683594,88636800.0,2021-01-13
273471398.40830326,0.01552346570397112,2425.483754512635,2.206498194945848,0.9073184837545144,0.08193805054151637,-0.006266237359927794,-0.9238818883610463,2021-01-14,128.30715942382812,128.91000366210938,131.0,128.75999450683594,130.8000030517578,90221800.0,2021-01-14
273966162.2130402,0.014404852160727824,2196.7282031842306,2.104245640636846,0.9089996209249441,0.0986435936315389,-0.01749920158074298,-0.9237284943011419,2021-01-15,126.54542541503906,127.13999938964844,130.22000122070312,127.0,128.77999877929688,111598500.0,2021-01-15
274860731.5358885,0.020905923344947737,2457.7909407665506,2.218815331010453,0.9041992682926872,0.10086986062717768,-0.0005309746418118453,-0.9235733755031641,2021-01-19,127.2322006225586,127.83000183105469,128.7100067138672,126.94000244140625,127.77999877929688,90757300.0,2021-01-19
275343457.6553475,0.017772135829895272,2652.403998730562,2.4271659790542683,0.9064686131386861,0.15771843859092358,0.014297413842907019,-0.9168177803602567,2021-01-20,131.41256713867188,132.02999877929688,132.49000549316406,128.5500030517578,128.66000366210938,104319500.0,2021-01-20
275817401.4781923,0.017078297425118235,2326.9774040987913,2.2409353652128217,0.905188360483446,0.13527543352601187,0.011215038333946397,-0.9139110685194076,2021-01-21,136.2299346923828,136.8699951171875,139.6699981689453,133.58999633789062,133.8000030517578,120150900.0,2021-01-21
276343509.17751956,0.01459065117535801,2088.931369900027,2.287219670359362,0.8974044312347979,0.1422457984328563,0.0055328164839232655,-0.9078995546759042,2021-01-22,138.4196319580078,139.07000732421875,139.85000610351562,135.02000427246094,136.27999877929688,114459400.0,2021-01-22
277167929.60524935,0.011286089238845144,2441.343307086614,2.5131233595800526,0.9034355643044588,0.10535824146981625,-0.001321696359317584,-0.9173774442928597,2021-01-25,142.2516326904297,142.9199981689453,145.08999633789062,136.5399932861328,143.07000732421875,157611700.0,2021-01-25
277808756.2873998,0.0182546749777382,2769.300979519145,2.3613089937666962,0.8996904051647352,0.1436364425645591,0.014944377977515582,-0.9090258009397683,2021-01-26,142.4905242919922,143.16000366210938,144.3000030517578,141.3699951171875,143.60000610351562,98390600.0,2021-01-26
278573658.312,0.017185185185185185,2353.0082962962965,1.885037037037037,0.9064049481481403,0.08208927407407417,-0.0035089600404444397,-0.9236712620877733,2021-01-27,141.39566040039062,142.05999755859375,144.3000030517578,140.41000366210938,143.42999267578125,140843800.0,2021-01-27
279251043.0117823,0.014587619225734056,2281.95698522536,2.227604264073312,0.9105980175799453,0.06819098559940154,-0.007158344368243857,-0.931031403977439,2021-01-28,136.44888305664062,137.08999633789062,141.99000549316406,136.6999969482422,139.52000427246094,142621100.0,2021-01-28
280189002.7573869,0.00984924623115578,1400.658894472362,2.0916582914572865,0.912303035175875,0.0605818693467337,-0.02425119152783919,-0.9335086255041863,2021-01-29,131.34288024902344,131.9600067138672,136.74000549316406,130.2100067138672,135.8300018310547,177523800.0,2021-01-29
275917418.5222222,0.020987654320987655,4758.186419753087,2.311111111111111,0.9068376543209884,0.22344864197530873,0.018462377495061733,-0.923030501089324,2021-02-01,133.5126953125,134.13999938964844,135.3800048828125,130.92999267578125,133.75,106239800.0,2021-02-01
282534648.7828017,0.021374547846103254,3278.881124630056,2.0812232818151926,0.9047236270963435,0.11409033212758989,0.0046377203313054905,-0.916837565066511,2021-02-02,134.3587188720703,134.99000549316406,136.30999755859375,134.61000061035156,135.72999572753906,83305400.0,2021-02-02
293682980.35990816,0.014435695538057743,2002.916338582677,2.633530183727034,0.9080701115485557,0.11395410104986878,-0.014845616234251983,-0.9267949500554963,2021-02-03,133.31362915039062,133.94000244140625,135.77000427246094,133.61000061035156,135.75999450683594,89880900.0,2021-02-03
286555848.9325622,0.008614324390844204,1081.0876199852325,3.854048732463697,0.9107866601033685,0.1403111740093532,0.0017696948449421649,-0.92947651331719,2021-02-04,136.74749755859375,137.38999938964844,137.39999389648438,134.58999633789062,136.3000030517578,84183100.0,2021-02-04
286688461.3532009,0.006622516556291391,1056.1559970566593,3.2700515084621045,0.9129513245033104,0.12996460632818252,-0.004221731815305372,-0.9323621929299007,2021-02-05,136.3238525390625,136.75999450683594,137.4199981689453,135.86000061035156,137.35000610351562,75693800.0,2021-02-05
308718761.15158445,0.007840574975498203,1768.737014047697,2.932048350212349,0.9083674289447881,0.13039415223783066,-0.00011964959719046069,-0.919797983870969,2021-02-08,136.47337341308594,136.91000366210938,136.9600067138672,134.9199981689453,136.02999877929688,71297200.0,2021-02-08
320726189.7060878,0.016966067864271458,2837.3542914171658,2.937624750499002,0.9074133732534941,0.11842020958083822,-0.005953911626247499,-0.9202279497907951,2021-02-09,135.57623291015625,136.00999450683594,137.8800048828125,135.85000610351562,136.6199951171875,76774200.0,2021-02-09
296750128.3465704,0.011732851985559567,2166.870938628159,3.901624548736462,0.9141654332129964,0.16302337545126344,0.0022461086976534295,-0.920309561128527,2021-02-10,134.95822143554688,135.38999938964844,136.99000549316406,134.39999389648438,136.47999572753906,73046600.0,2021-02-10
288065965.73561645,0.015068493150684932,2737.27397260274,3.4876712328767123,0.9082178082191779,0.13344787671232872,-0.00241416274589041,-0.9218638854296393,2021-02-11,134.6990509033203,135.1300048828125,136.38999938964844,133.77000427246094,135.89999389648438,64280000.0,2021-02-11
288773663.2496749,0.011703511053315995,2281.9921976592977,4.479843953185956,0.9093185955786739,0.1626352405721716,0.008310700812743826,-0.9252227477477475,2021-02-12,134.9382781982422,135.3699951171875,135.52999877929688,133.69000244140625,134.35000610351562,60145100.0,2021-02-12
290107235.68330365,0.013071895424836602,2427.5549613784906,2.354723707664884,0.912009655377302,0.07948021390374335,-0.02223706615656564,-0.9308270633397335,2021-02-16,132.76524353027344,133.19000244140625,136.00999450683594,132.7899932861328,135.49000549316406,80576300.0,2021-02-16
290754247.4383117,0.012291280148423005,2154.7416512059367,2.2903525046382187,0.9108109230055639,0.06732956864564014,-0.020876296701530597,-0.927570091324202,2021-02-17,130.4227294921875,130.83999633789062,132.22000122070312,129.47000122070312,131.25,97918500.0,2021-02-17
291433911.2233411,0.010844306738962044,1864.820036147689,2.3684482313452104,0.9127459592047489,0.09594123418538587,-0.01823541099147949,-0.9276391268191267,2021-02-18,129.2963409423828,129.7100067138672,130.0,127.41000366210938,129.1999969482422,96856700.0,2021-02-18
292097642.9896399,0.008880118401578688,1647.4972866304884,2.0431672422298965,0.9103129501726648,0.08147937839171188,-0.014701332189689201,-0.9254334259626856,2021-02-19,129.455810546875,129.8699951171875,130.7100067138672,128.8000030517578,130.24000549316406,87668800.0,2021-02-19
293204844.4384449,0.011519078473722102,2018.6541876649867,2.2121430285577155,0.9154046556275487,0.08619894408447303,-0.022436327489560835,-0.9312355375096694,2021-02-22,125.59815979003906,126.0,129.72000122070312,125.5999984741211,128.00999450683594,103916400.0,2021-02-22
293880593.32517296,0.00975696292354089,1884.3391875110874,2.278694340961504,0.9051527230796456,0.09714312577612207,-0.014709550982614865,-0.9215395951175893,2021-02-23,125.45861053466797,125.86000061035156,126.70999908447266,118.38999938964844,123.76000213623047,158273000.0,2021-02-23
294552242.13320035,0.0070921985815602835,1506.4499113475176,2.2280585106382977,0.909878590425528,0.07524197695035457,-0.012678632049867003,-0.9263791932059442,2021-02-24,124.95024108886719,125.3499984741211,125.55999755859375,122.2300033569336,124.94000244140625,111039900.0,2021-02-24
295331850.2654788,0.00827933765298776,1565.5052195824335,2.4092872570194386,0.9140496940244713,0.07637807775377958,-0.020281486349892006,-0.9317504553215664,2021-02-25,120.60414123535156,120.98999786376953,126.45999908447266,120.54000091552734,124.68000030517578,148199500.0,2021-02-25
296028683.85614645,0.008282476024411508,1377.5921970357454,2.6362249346120312,0.9129204010462029,0.07717700523103738,-0.017013232803182204,-0.9291088440111406,2021-02-26,120.87328338623047,121.26000213623047,124.8499984741211,121.19999694824219,122.58999633789062,164560400.0,2021-02-26
287219947.77988917,0.02058590657165479,3828.50910530483,4.247030878859857,0.9096828978622331,0.18564275534441793,-0.0012026347094220122,-0.9207232524964332,2021-03-01,127.38245391845703,127.79000091552734,127.93000030517578,122.79000091552734,123.75,116307900.0,2021-03-01
286270114.8767049,0.01309328968903437,2608.9829514457174,2.3588379705400984,0.9082403846153757,0.10350800600109124,-0.006915025603791598,-0.9248688483466329,2021-03-02,124.72097778320312,125.12000274658203,128.72000122070312,125.01000213623047,128.41000366210938,102260900.0,2021-03-02
298448193.28435344,0.008335317932841153,2264.312931650393,2.4100976422957845,0.9155380090497711,0.07524046201476543,-0.029221814708263877,-0.932302523774688,2021-03-03,121.67073059082031,122.05999755859375,125.70999908447266,121.83999633789062,124.80999755859375,112966300.0,2021-03-03
300545627.4981373,0.013837147418839808,3092.4885577434807,2.919105907397552,0.9124978712080898,0.09810627993613623,-0.0186206115023949,-0.9267295068027229,2021-03-04,119.74687957763672,120.12999725341797,123.5999984741211,118.62000274658203,121.75,178155000.0,2021-03-04
308583684.1528415,0.017649135192375574,3759.142957995058,2.369219908224497,0.9104134133427443,0.10657620896576091,-0.021739427871514297,-0.9279959955506154,2021-03-05,121.03276824951172,121.41999816894531,121.94000244140625,117.56999969482422,120.9800033569336,153766600.0,2021-03-05
321563200.3704867,0.013814756671899528,2391.2251177394032,2.2618524332810046,0.9093829199372014,0.09843058084772388,-0.015485169713971753,-0.9280432316746942,2021-03-08,115.98890686035156,116.36000061035156,121.0,116.20999908447266,120.93000030517578,154376600.0,2021-03-08
323323394.10328263,0.01521216973578863,2370.076461168935,2.8578863090472377,0.9017861489191334,0.1174767814251401,-0.00985247803402722,-0.9139372961956519,2021-03-09,120.70381927490234,121.08999633789062,122.05999755859375,118.79000091552734,119.02999877929688,129525800.0,2021-03-09
312061328.432971,0.017210144927536232,3418.55615942029,3.192934782608696,0.901622010869565,0.14247028985507237,-0.0013491558532608703,-0.9094065967016478,2021-03-10,119.59736633300781,119.9800033569336,122.16999816894531,119.44999694824219,121.69000244140625,111943300.0,2021-03-10
302559031.7605634,0.01006036217303823,2409.725352112676,3.9346076458752517,0.897406036217304,0.17174336016096572,0.01580172776861167,-0.9112596899224801,2021-03-11,121.571044921875,121.95999908447266,123.20999908447266,121.26000213623047,122.54000091552734,103026500.0,2021-03-11
303140174.7010309,0.010309278350515464,2983.879234167894,3.2547864506627393,0.9024310751104573,0.1610659793814432,0.001539868792341679,-0.9142692111959296,2021-03-12,120.64401245117188,121.02999877929688,121.16999816894531,119.16000366210938,120.4000015258789,88105100.0,2021-03-12
304040381.1062943,0.0141725719049604,2319.531471446436,2.334722801167153,0.9065552730304302,0.11206731971654865,-0.008038182551062941,-0.9190306474820148,2021-03-15,123.59456634521484,123.98999786376953,124.0,120.41999816894531,121.41000366210938,92403800.0,2021-03-15
304567478.11002606,0.0146484375,2445.1634114583335,2.3121744791666665,0.8984085937500003,0.1156952473958333,-0.003962979878906246,-0.9157039271485503,2021-03-16,125.1695327758789,125.56999969482422,127.22000122070312,124.72000122070312,125.69999694824219,115227900.0,2021-03-16
305082430.2729412,0.015126050420168067,2528.065882352941,2.311596638655462,0.9094301512605047,0.10569354621848737,-0.00208802645915966,-0.9245974157303399,2021-03-17,124.36212158203125,124.76000213623047,125.86000061035156,122.33999633789062,124.05000305175781,111932600.0,2021-03-17
305611458.57001454,0.012809315866084425,1785.3161572052402,2.1027656477438135,0.9115415720523987,0.07097129548762722,-0.02294078851528385,-0.9288588878760273,2021-03-18,120.1456069946289,120.52999877929688,123.18000030517578,120.31999969482422,122.87999725341797,121229700.0,2021-03-18
306091689.6368638,0.013411279229711142,2414.8143053645117,1.7850756533700138,0.9115435694635498,0.09524893397524066,-0.018499521205295733,-0.9282726971869849,2021-03-19,119.60733032226562,119.98999786376953,121.43000030517578,119.68000030517578,119.9000015258789,185549500.0,2021-03-19
306836898.3430851,0.016400709219858155,3211.886968085106,2.170656028368794,0.9058563386524843,0.12190252659574487,-0.007894040830673764,-0.9188705030487815,2021-03-22,122.99649047851562,123.38999938964844,123.87000274658203,120.26000213623047,120.33000183105469,111912300.0,2021-03-22
307300396.821955,0.015128006206361521,2809.1582622187743,1.7629945694336695,0.9119746314972824,0.07890031031807579,-0.010664680584949576,-0.9283703065134101,2021-03-23,122.14920043945312,122.54000091552734,124.23999786376953,122.13999938964844,123.33000183105469,95467100.0,2021-03-23
307855566.76045763,0.016803718269574545,2452.8577046835894,2.3063997139792636,0.9174633893457289,0.06833296388988193,-0.02108092915480872,-0.9324921883656524,2021-03-24,119.7070083618164,120.08999633789062,122.9000015258789,120.06999969482422,122.81999969482422,88530500.0,2021-03-24
308390465.5598495,0.015047879616963064,2637.141244870041,2.174076607387141,0.9132157318741421,0.09050109439124497,-0.012541492838577296,-0.9309404347826098,2021-03-25,120.20541381835938,120.58999633789062,121.66000366210938,119.0,119.54000091552734,98844700.0,2021-03-25
308919893.9418321,0.010101010101010102,1824.4921630094043,1.9393939393939394,0.9121268895855098,0.0666862068965515,-0.01916562374468826,-0.93122186123348,2021-03-26,120.82343292236328,121.20999908447266,121.4800033569336,118.91999816894531,120.3499984741211,94071200.0,2021-03-26
309609037.7287757,0.0160857908847185,2730.2265415549596,2.0942806076854334,0.911707283288653,0.0839829758713136,-0.024917723465147455,-0.9295300289435612,2021-03-29,121.00286102294922,121.38999938964844,122.58000183105469,120.7300033569336,121.6500015258789,80819200.0,2021-03-29
310058250.6836483,0.014790468364831553,3312.1051766639275,2.0932621199671324,0.9126752259654907,0.0832534921939194,-0.021793060536154468,-0.9333041529334238,2021-03-30,119.51761627197266,119.9000015258789,120.4000015258789,118.86000061035156,120.11000061035156,85671900.0,2021-03-30
310555485.16541106,0.016377333770062234,3168.536521454307,2.1254503766786765,0.906127906976742,0.12530845070422506,0.0025245280517523726,-0.9172748829039845,2021-03-31,121.76044464111328,122.1500015258789,123.5199966430664,121.1500015258789,121.6500015258789,118323800.0,2021-03-31
279215835.4608363,0.01060070671378092,2185.39222614841,2.049469964664311,0.9037957008244986,0.13281086572438144,-0.00875837304063605,-0.9183955343702963,2021-04-01,122.60772705078125,123.0,124.18000030517578,122.48999786376953,123.66000366210938,75089100.0,2021-04-01
319832404.7724302,0.015448603683897801,2751.4141414141413,2.0920974450386214,0.9117491978609631,0.1103650623885916,-0.013717113366607235,-0.923591259398496,2021-04-05,125.49848937988281,125.9000015258789,126.16000366210938,123.06999969482422,123.87000274658203,88651200.0,2021-04-05
327096174.6111111,0.016835016835016835,3288.080808080808,2.3341750841750843,0.9056953703703708,0.09662651515151513,-0.007801986908249159,-0.9230939058171747,2021-04-06,125.8074951171875,126.20999908447266,127.12999725341797,125.6500015258789,126.5,80171300.0,2021-04-06
322246390.65792924,0.039318479685452164,4901.653997378768,2.6644823066841417,0.8915441677588465,0.13946133682830913,-0.0016480311664482303,-0.9023917431192664,2021-04-07,127.49211120605469,127.9000015258789,127.91999816894531,125.13999938964844,125.83000183105469,83466700.0,2021-04-07
337080481.62580186,0.026372059871703494,3466.6514611546686,2.2665716322166785,0.9063928011404148,0.14623243050605855,-0.0032313172295081955,-0.9237123337363957,2021-04-08,129.9442596435547,130.36000061035156,130.38999938964844,128.52000427246094,128.9499969482422,88844600.0,2021-04-08
326304464.29390246,0.014634146341463415,3252.765853658537,2.2670731707317073,0.9108728048780503,0.14224634146341458,0.009490566758536578,-0.9253553359683796,2021-04-09,132.57583618164062,133.0,133.0399932861328,129.47000122070312,129.8000030517578,106686700.0,2021-04-09
314533509.5415118,0.040892193308550186,6087.832713754647,2.59727385377943,0.8981509293680288,0.13449801734820307,0.011851414945477073,-0.9141183716075165,2021-04-12,130.8214569091797,131.24000549316406,132.85000610351562,130.6300048828125,132.52000427246094,91420000.0,2021-04-12
315059360.0261947,0.021946902654867255,3251.128495575221,2.3302654867256636,0.9026476814159285,0.11566892035398224,0.004953701095575222,-0.9149360000000003,2021-04-13,134.0012664794922,134.42999267578125,134.66000366210938,131.92999267578125,132.44000244140625,91266500.0,2021-04-13
315614106.9603636,0.016363636363636365,2228.684,2.242909090909091,0.9041315636363618,0.0970031272727273,-0.010374523207272725,-0.9197292223572292,2021-04-14,131.6089324951172,132.02999877929688,135.0,131.66000366210938,134.94000244140625,87222800.0,2021-04-14
316102623.82575524,0.01556301495270064,1885.4986267927984,2.4519377479401894,0.9072761977418311,0.09033649679584987,-0.018747338985962776,-0.9206944751381217,2021-04-15,134.07106018066406,134.5,135.0,133.63999938964844,133.82000732421875,89347100.0,2021-04-15
316796642.2311343,0.021357380161366873,2717.5752254390127,2.154722354057902,0.9110375415282399,0.11189620313241574,-0.00879457257949692,-0.9217480754124133,2021-04-16,133.73214721679688,134.16000366210938,134.6699981689453,133.27999877929688,134.3000030517578,84922400.0,2021-04-16
317936693.6330106,0.024435223605348087,3132.1756569847857,2.492392807745505,0.9094177962194573,0.13634117104656526,0.00991872954633472,-0.9221188575899854,2021-04-19,134.40997314453125,134.83999633789062,135.47000122070312,133.33999633789062,133.50999450683594,94264200.0,2021-04-19
318560651.68622375,0.014380212827149842,2791.8907103825136,1.9577221742881794,0.909007707794075,0.0833477998274374,-0.006909126182916307,-0.9245631712259385,2021-04-20,132.6855010986328,133.11000061035156,135.52999877929688,131.80999755859375,135.02000427246094,94812300.0,2021-04-20
319116248.8933177,0.019148104728409537,2826.7635795232513,2.433372411098085,0.9076602188354816,0.11563395857756946,-0.005294585796795619,-0.9220531229454335,2021-04-21,133.07423400878906,133.5,133.75,131.3000030517578,132.36000061035156,68847100.0,2021-04-21
319701096.1259494,0.008860759493670886,1867.1712025316456,2.7177215189873416,0.9128053797468332,0.10261272151898723,0.00025219667310126477,-0.9318673631840808,2021-04-22,131.51922607421875,131.94000244140625,134.14999389648438,131.41000366210938,133.0399932861328,84566500.0,2021-04-22
320288965.0490348,0.013513513513513514,2363.3181467181466,2.3351351351351353,0.9013525482625475,0.12700880308880322,0.006387959474517375,-0.9206046843177181,2021-04-23,133.89163208007812,134.32000732421875,135.1199951171875,132.16000366210938,132.16000366210938,78657500.0,2021-04-23
321253620.5194483,0.021517241379310346,2858.673655172414,2.3081379310344827,0.9108924413793079,0.13740135172413778,-0.0003487476333793071,-0.9254818356559361,2021-04-26,134.2903594970703,134.72000122070312,135.05999755859375,133.55999755859375,134.8300018310547,66905100.0,2021-04-26
321788145.5042194,0.01170886075949367,1912.4511603375527,2.0445147679324895,0.9023772784810083,0.10522000000000044,0.001275299974789029,-0.9146430171914203,2021-04-27,133.96141052246094,134.38999938964844,135.41000366210938,134.11000061035156,135.00999450683594,66015800.0,2021-04-27
322329363.9295658,0.014543943486391025,2279.855911074174,2.361728651568668,0.9033224080614946,0.1089322044462916,0.0017899806052358216,-0.9154895227843526,2021-04-28,133.15399169921875,133.5800018310547,135.02000427246094,133.0800018310547,134.30999755859375,107760100.0,2021-04-28
322848803.6803169,0.01229265402843602,1664.4579383886255,2.069016587677725,0.9088585826421812,0.08869654917061581,-0.007707869763403434,-0.9256452187807177,2021-04-29,133.05430603027344,133.47999572753906,137.07000732421875,132.4499969482422,136.47000122070312,151101000.0,2021-04-29
323360459.61449975,0.007936507936507936,1233.2418405564472,2.4716425896201177,0.9031732031389347,0.0894580881041557,-0.004215790837702871,-0.9177633394947529,2021-04-30,131.04075622558594,131.4600067138672,133.55999755859375,131.07000732421875,131.77999877929688,109839500.0,2021-04-30
319111685.34941155,0.00432953228855418,895.5875968046832,2.373864260015855,0.9079015732666721,0.0746036099762184,-0.014280312380206123,-0.9242881644298746,2021-05-03,132.11729431152344,132.5399932861328,134.07000732421875,131.8300018310547,132.0399932861328,75135100.0,2021-05-03
322739894.29560506,0.00852899859522376,1370.6576359622718,2.6342564720048163,0.9064316777041895,0.0904019967890833,-0.006117504383202876,-0.9233857462943774,2021-05-04,127.4422607421875,127.8499984741211,131.49000549316406,126.69999694824219,131.19000244140625,137564700.0,2021-05-04
325436130.04794955,0.008832807570977918,1313.6119873817036,2.4735015772870663,0.9089857255520466,0.08502044164037871,-0.012576485934384866,-0.9263490324202026,2021-05-05,127.69146728515625,128.10000610351562,130.4499969482422,127.97000122070312,129.1999969482422,84000900.0,2021-05-05
326508928.42761594,0.009061488673139158,1438.7471413160733,2.565695792880259,0.9141487810140196,0.07211253505933121,-0.02266525226299891,-0.9295945442448404,2021-05-06,129.3262481689453,129.74000549316406,129.75,127.12999725341797,127.88999938964844,78128300.0,2021-05-06
328326043.4944212,0.009414225941422594,2169.3040446304044,2.8933054393305437,0.9090869595536945,0.10867332635983261,-0.01600172602370991,-0.9227962677725159,2021-05-07,130.0152130126953,130.2100067138672,131.25999450683594,129.47999572753906,130.85000610351562,78973300.0,2021-05-07
343033071.7459854,0.016058394160583942,2358.815815085158,2.2854014598540147,0.9125911435523099,0.07592858880778595,-0.028319883297566913,-0.9290550949244479,2021-05-10,126.66022491455078,126.8499984741211,129.5399932861328,126.80999755859375,129.41000366210938,88071200.0,2021-05-10
328537020.3268473,0.011330049261083743,1778.2366995073892,2.535960591133005,0.9094036699507385,0.0895876600985222,-0.02029394687118228,-0.9272328316831666,2021-05-11,125.72164154052734,125.91000366210938,126.2699966430664,122.7699966430664,123.5,126142800.0,2021-05-11
329162139.2627949,0.013067150635208712,1974.1778584392014,2.626497277676951,0.9172906352087099,0.06651604355716878,-0.03503929688130673,-0.9326439933259191,2021-05-12,122.58633422851562,122.7699966430664,124.63999938964844,122.25,123.4000015258789,112172300.0,2021-05-12
329828972.5085769,0.0147378593863252,2297.404687122493,2.4020294757187726,0.9145143754530061,0.06299548200048295,-0.027091894148103406,-0.9328891040242974,2021-05-13,124.78304290771484,124.97000122070312,126.1500015258789,124.26000213623047,124.58000183105469,105861300.0,2021-05-13
330415356.9814586,0.0173053152039555,2706.382777091059,2.473423980222497,0.9095547589616796,0.09836938607334152,-0.013454493030490318,-0.9235628440366968,2021-05-14,127.25933074951172,127.44999694824219,127.88999938964844,125.8499984741211,126.25,81918000.0,2021-05-14
331391966.3221562,0.01697792869269949,3145.2372665534804,2.3009337860780983,0.9159815789473698,0.1215103140916807,-0.025880954648556886,-0.9327096327096347,2021-05-17,126.08109283447266,126.2699966430664,126.93000030517578,125.16999816894531,126.81999969482422,74244600.0,2021-05-17
331966083.6467025,0.01917900403768506,2843.8092193808884,2.1086810228802153,0.9062255720053827,0.10037489905787356,-0.011151622895693153,-0.9232543700340545,2021-05-18,124.66322326660156,124.8499984741211,126.98999786376953,124.77999877929688,126.55999755859375,63342900.0,2021-05-18
332480952.9310726,0.012532252119424991,2604.0261702911907,2.056026538886841,0.9137164025064501,0.08177677847401395,-0.02130487084260967,-0.9296267909143889,2021-05-19,124.50346374511719,124.69000244140625,124.91999816894531,122.86000061035156,123.16000366210938,92612000.0,2021-05-19
333012914.82639885,0.014347202295552367,2865.7586083213773,2.3482783357245336,0.9076516499282629,0.1028983859397418,-0.003849057270803445,-0.9204801234567908,2021-05-20,127.11953735351562,127.30999755859375,127.72000122070312,125.0999984741211,125.2300033569336,76857100.0,2021-05-20
333475512.70535713,0.008503401360544218,2010.9617346938776,1.9825680272108843,0.9131879251700691,0.08772699829931971,-0.01384143010544217,-0.9307234172906755,2021-05-21,125.24235534667969,125.43000030517578,128.0,125.20999908447266,127.81999969482422,79295400.0,2021-05-21
334327111.9422572,0.02257217847769029,2822.3711286089238,2.3863517060367454,0.904238005249345,0.11267963254593169,-0.005761338217847759,-0.9203626620570439,2021-05-24,126.90985107421875,127.0999984741211,127.94000244140625,125.94000244140625,126.01000213623047,63092900.0,2021-05-24
334774242.24643874,0.017568850902184234,2975.832858499525,2.0655270655270654,0.9095755460588796,0.10730337132003805,-0.013496756299620124,-0.9199932061068723,2021-05-25,126.71015930175781,126.9000015258789,128.32000732421875,126.31999969482422,127.81999969482422,72009500.0,2021-05-25
335301467.3309049,0.01687116564417178,3061.504217791411,2.1499233128834354,0.9069990797546006,0.09297802914110423,-0.0065822317810582814,-0.9247374225526669,2021-05-26,126.66022491455078,126.8499984741211,127.38999938964844,126.41999816894531,126.95999908447266,56575900.0,2021-05-26
335874682.9525617,0.015180265654648957,2767.6284629981023,2.217457305502846,0.9037117647058827,0.07793210626185958,-0.015311499643643279,-0.9244034419176395,2021-05-27,125.09257507324219,125.27999877929688,127.63999938964844,125.08000183105469,126.44000244140625,94625600.0,2021-05-27
336450321.0898363,0.01446516939474686,3308.242481918538,2.1998477350590027,0.9130456794823004,0.08129550818424057,-0.029386842131709164,-0.9308747140276937,2021-05-28,124.423583984375,124.61000061035156,125.80000305175781,124.55000305175781,125.56999969482422,71311100.0,2021-05-28
291677992.9455102,0.012244897959183673,1903.0920408163265,2.1046938775510204,0.907049714285707,0.0822517755102041,-0.015698029914897948,-0.9246871720116581,2021-06-01,124.09407043457031,124.27999877929688,125.3499984741211,123.94000244140625,125.08000183105469,67637100.0,2021-06-01
328963949.7928619,0.0133422281521014,2101.9256170780523,2.14209472981988,0.9036390260173436,0.11512231487658428,-0.009637422547031363,-0.9186508018327617,2021-06-02,124.8729019165039,125.05999755859375,125.23999786376953,124.05000305175781,124.27999877929688,59278900.0,2021-06-02
328659108.30725056,0.01256281407035176,2077.478104809763,2.596913137114142,0.9119044149318019,0.09470427135678389,-0.01812920050251257,-0.9293308840413321,2021-06-03,123.35518646240234,123.54000091552734,124.8499984741211,123.12999725341797,124.68000030517578,76229200.0,2021-06-03
327862686.05648595,0.017030939540164634,2674.0942378654554,2.448765256883338,0.9042001419244942,0.12720820323587884,0.00504901748623332,-0.9163992625368722,2021-06-04,125.70166778564453,125.88999938964844,126.16000366210938,123.8499984741211,124.06999969482422,75169300.0,2021-06-04
345915327.67145175,0.01898587636026858,2969.4769622597823,2.1810604306552444,0.9063651771243321,0.12787902292197265,-0.0028121008261171557,-0.9196745539507243,2021-06-07,125.71165466308594,125.9000015258789,126.31999969482422,124.83000183105469,126.16999816894531,71057600.0,2021-06-07
347101048.3176827,0.019310867095797046,2800.8621734191593,2.414994320333207,0.9032262021961375,0.10606944339265413,-0.006626697766755016,-0.9220441176470588,2021-06-08,126.5503921508789,126.73999786376953,128.4600067138672,126.20999908447266,126.5999984741211,74403800.0,2021-06-08
344237452.19888216,0.012109920819748486,1889.7685142058685,2.393106660456451,0.9055538425710298,0.10050586865393565,-0.004384922047508156,-0.9237181153533726,2021-06-09,126.93981170654297,127.12999725341797,127.75,126.5199966430664,127.20999908447266,56877900.0,2021-06-09
353386531.66061866,0.011600237953599048,2438.9479476502083,1.9518143961927423,0.913196906603211,0.07111279000594888,-0.01689800075639501,-0.9283538061465726,2021-06-10,125.92134094238281,126.11000061035156,128.19000244140625,125.94000244140625,127.0199966430664,71186400.0,2021-06-10
342852911.12700176,0.005232281591882036,884.0971935944189,2.281908990011099,0.9040911526874861,0.09302689075630247,0.000608566731409544,-0.9137759433962254,2021-06-11,127.15947723388672,127.3499984741211,127.44000244140625,126.0999984741211,126.52999877929688,53522400.0,2021-06-11
343684279.1715909,0.012727272727272728,1788.945,2.9345454545454546,0.9006284318181794,0.1095140909090909,0.00035590729795454724,-0.9152681930693076,2021-06-14,130.2847900390625,130.47999572753906,130.5399932861328,127.06999969482422,127.81999969482422,96906500.0,2021-06-14
344233425.0733647,0.016624503071919046,2675.551138417058,2.619804842790025,0.9066053487531626,0.1062116010119263,-0.005499397993133356,-0.9194159587378647,2021-06-15,129.44606018066406,129.63999938964844,130.60000610351562,129.38999938964844,129.94000244140625,62746300.0,2021-06-15
344837765.8857696,0.01573088092933204,2104.3184898354307,2.409244917715392,0.9114353581800562,0.08886633591481129,-0.012382050530009684,-0.9271162097735394,2021-06-16,129.95529174804688,130.14999389648438,130.88999938964844,128.4600067138672,130.3699951171875,91815000.0,2021-06-16
345363292.6243386,0.009038800705467372,1810.42151675485,2.7189153439153437,0.9032128968253937,0.11176880511463864,-0.0011477368972663165,-0.9155156449044556,2021-06-17,131.59283447265625,131.7899932861328,132.5500030517578,129.64999389648438,129.8000030517578,96721700.0,2021-06-17
345868358.53104454,0.011443876308741174,1733.0112003895788,2.827124421719016,0.9027216946676356,0.10832081811541273,-0.00475822279961042,-0.9137456065152152,2021-06-18,130.26483154296875,130.4600067138672,131.50999450683594,130.24000549316406,130.7100067138672,108953300.0,2021-06-18
346734928.25641954,0.015913200723327307,3075.2173598553345,2.5858951175406872,0.9059950090415901,0.12112806509945763,0.0026520902936708864,-0.9191222842954676,2021-06-21,132.10208129882812,132.3000030517578,132.41000366210938,129.2100067138672,130.3000030517578,79663300.0,2021-06-21
347319823.37348455,0.016816581931951506,3430.8384825967933,2.590535784122018,0.8958022682831452,0.13173023073914739,0.0052851291423543206,-0.904374546722455,2021-06-22,133.77955627441406,133.97999572753906,134.0800018310547,131.6199951171875,132.1300048828125,74783600.0,2021-06-22
347865389.1460929,0.01887504718761797,4070.374858437146,2.385050962627407,0.8969899207248011,0.1327255190637978,0.008422989394865995,-0.9018640471512773,2021-06-23,133.49998474121094,133.6999969482422,134.32000732421875,133.22999572753906,133.77000427246094,60214200.0,2021-06-23
348414628.09870714,0.011934361014420686,2133.9336151168573,2.6765290900049727,0.9028983341621051,0.1049639482844358,0.0003034142725012454,-0.9121905281536438,2021-06-24,133.21041870117188,133.41000366210938,134.63999938964844,132.92999267578125,134.4499969482422,68711000.0,2021-06-24
348954813.10685414,0.01265377855887522,2620.881546572935,2.379964850615114,0.8933089982425306,0.10468657293497369,0.0006714754123022872,-0.9028407730673292,2021-06-25,132.91087341308594,133.11000061035156,133.88999938964844,132.80999755859375,133.4600067138672,70783700.0,2021-06-25
349830264.41323584,0.01846864178530204,3560.1723739899962,2.8099268949595997,0.9046234705656037,0.13476110042323977,0.005511480151212008,-0.9149706270627084,2021-06-28,134.578369140625,134.77999877929688,135.25,133.35000610351562,133.41000366210938,62111300.0,2021-06-28
350338463.5923567,0.030652866242038217,3783.736464968153,2.7352707006369426,0.9004125000000008,0.12142778662420378,0.002817822468550956,-0.9134144671841938,2021-06-29,136.1260528564453,136.3300018310547,136.49000549316406,134.35000610351562,134.8000030517578,64556100.0,2021-06-29
350876114.9683669,0.022143139580862,2946.2095689996045,2.7892447607750097,0.9046142744167668,0.12032906287069985,-0.008263858728746543,-0.9158708496732048,2021-06-30,136.75511169433594,136.9600067138672,137.41000366210938,135.8699951171875,136.1699981689453,63261400.0,2021-06-30
303614868.9597894,0.013164193393968406,2027.820966969842,2.5574437529918623,0.9053810674964059,0.11662613690761126,-0.009067069519626625,-0.9210544283413852,2021-07-01,137.0646514892578,137.27000427246094,137.3300018310547,135.75999450683594,136.60000610351562,52485800.0,2021-07-01
340091319.0016388,0.01671583087512291,2321.734841035726,2.9062602425434285,0.9053393969190441,0.1454116355293346,-0.00038107601376597853,-0.9206024333719582,2021-07-02,139.75062561035156,139.9600067138672,140.0,137.75,137.89999389648438,78852600.0,2021-07-02
349956631.6069062,0.02127659574468085,3499.684339030345,2.5783048482734565,0.9023041855598176,0.1098131845134288,-0.0073721893334495955,-0.9153738081224253,2021-07-06,141.8075408935547,142.02000427246094,143.14999389648438,140.07000732421875,140.07000732421875,108181800.0,2021-07-06
353215294.2734316,0.011337868480725623,2237.4083522297806,2.482615268329554,0.905070578231291,0.12771513605442214,-0.002828241308390025,-0.9150386304909527,2021-07-07,144.35372924804688,144.57000732421875,144.88999938964844,142.66000366210938,143.5399932861328,104911600.0,2021-07-07
354167818.08953786,0.010269576379974325,1897.3835044929397,2.5272785622593066,0.9029829910141197,0.12035327342747125,-0.0105389744351733,-0.9167062403300691,2021-07-08,143.0257110595703,143.24000549316406,144.05999755859375,140.6699981689453,141.5800018310547,105575500.0,2021-07-08
358154564.4313725,0.011494252873563218,2398.3901284651793,2.41210277214334,0.9017712305611894,0.11681548343475327,0.0025308999530087883,-0.9145174882629101,2021-07-09,144.89291381835938,145.11000061035156,145.64999389648438,142.64999389648438,142.75,99890800.0,2021-07-09
354991954.5905512,0.012373453318335208,2643.502249718785,2.7125984251968505,0.9074157480314963,0.09925556805399306,-0.013718196192350958,-0.922760439560441,2021-07-12,144.28382873535156,144.5,146.32000732421875,144.0,146.2100067138672,76299700.0,2021-07-12
355513272.9501247,0.01828761429758936,2503.9850374064836,1.6943751731781658,0.9079943751731712,0.09722748683845943,-0.005875116993349958,-0.9247815478999529,2021-07-13,145.422119140625,145.63999938964844,147.4600067138672,143.6300048828125,144.02999877929688,100827100.0,2021-07-13
356075808.9661193,0.017459987528580335,2206.709000207857,1.910205778424444,0.9068327790480115,0.13197472458948267,-0.0030272062993140724,-0.9220380851812715,2021-07-14,148.92686462402344,149.14999389648438,149.57000732421875,147.67999267578125,148.10000610351562,127050800.0,2021-07-14
356655142.55333024,0.01327433628318584,2054.389613414066,2.257568700512343,0.9083175826734942,0.11020614811364704,-0.006497665351886349,-0.9241312259059346,2021-07-15,148.25787353515625,148.47999572753906,150.0,147.08999633789062,149.24000549316406,106820300.0,2021-07-15
357166541.0221465,0.012776831345826235,1985.961953435548,2.0919931856899487,0.9092440374787061,0.09741845542305495,-0.014165849976717765,-0.9273344086021509,2021-07-16,146.17098999023438,146.38999938964844,149.75999450683594,145.8800048828125,148.4600067138672,93251400.0,2021-07-16
357934901.8611327,0.015257305404706491,2385.7318334626325,2.509180243082493,0.9061704680630963,0.11563951383501447,-0.011952800276441671,-0.9206856892010534,2021-07-19,142.2368927001953,142.4499969482422,144.07000732421875,141.6699981689453,143.75,121434600.0,2021-07-19
358372463.04633707,0.01760289930106135,2425.115713176288,2.2839761843127104,0.9068626456122147,0.11706282681853454,-0.005036468113124507,-0.9151621773815117,2021-07-20,145.9313507080078,146.14999389648438,147.10000610351562,142.9600067138672,143.4600067138672,96350000.0,2021-07-20
358870138.1506389,0.02252858103564223,2998.6207128446536,2.54808338937458,0.9066303967720244,0.11612921990585073,0.004898864337256221,-0.9192160952934347,2021-07-21,145.18247985839844,145.39999389648438,146.1300048828125,144.6300048828125,145.52999877929688,74993500.0,2021-07-21
359339739.2144838,0.01941448382126348,3003.55562403698,2.3882896764252695,0.8979200308166411,0.13541103235747315,0.009449420028351304,-0.9090161021654637,2021-07-22,146.58038330078125,146.8000030517578,148.1999969482422,145.80999755859375,145.94000244140625,77338200.0,2021-07-22
359797802.5163877,0.01882845188284519,2903.50069735007,2.5115062761506275,0.9049589609483941,0.13493336820083676,0.0050479022458159006,-0.9160378048780498,2021-07-23,148.33775329589844,148.55999755859375,148.72000122070312,146.9199981689453,147.5500030517578,71447400.0,2021-07-23
360521656.11828345,0.020915975477821855,3293.841687702849,2.8283447529751173,0.8964968626036767,0.12879235485034254,0.00504516710421926,-0.9139924270639365,2021-07-26,148.76712036132812,148.99000549316406,149.8300018310547,147.6999969482422,148.27000427246094,72434100.0,2021-07-26
361072501.36108917,0.021704814522494082,3130.7441462772954,2.077084977637464,0.9055007629571096,0.08594267298079492,-0.011041313250460408,-0.9213309347679862,2021-07-27,146.55043029785156,146.77000427246094,149.2100067138672,145.5500030517578,149.1199951171875,104818600.0,2021-07-27
361404355.1188938,0.028259991925716592,3954.802381913605,2.4670972951150585,0.9019721840936603,0.11119848607186131,0.008554537937020587,-0.916477317880794,2021-07-28,144.7631072998047,144.97999572753906,146.97000122070312,142.5399932861328,144.80999755859375,118931200.0,2021-07-28
361992028.4832837,0.009378792894185148,1517.8070175438597,2.076244069292729,0.9094941630806518,0.07693423811100063,-0.01237178147324283,-0.9266113023420809,2021-07-29,145.422119140625,145.63999938964844,146.5500030517578,144.5800018310547,144.69000244140625,56699500.0,2021-07-29
362369381.4923928,0.01123789764868603,2131.1236168741357,2.316562932226833,0.9110586099585023,0.09725492738589234,-0.022009020260546353,-0.9308437960185413,2021-07-30,145.64178466796875,145.86000061035156,146.3300018310547,144.11000061035156,144.3800048828125,70382000.0,2021-07-30
328041176.6324171,0.009857819905213271,2193.8915639810425,3.1427488151658767,0.9070414028435991,0.1112820284360191,0.0014858544054976268,-0.9223847047434641,2021-08-02,145.30230712890625,145.52000427246094,146.9499969482422,145.25,146.36000061035156,62880000.0,2021-08-02
326886403.1778063,0.007997714938588975,1540.4862896315337,2.6666666666666665,0.910577949157378,0.08190834047415026,-0.010804214158668935,-0.9283883298392683,2021-08-03,147.13954162597656,147.36000061035156,148.0399932861328,145.17999267578125,145.80999755859375,64786600.0,2021-08-03
337354757.4529624,0.011892121469526439,2473.437035464005,2.737311531110639,0.9000048417923107,0.10320184752601408,-0.007650450905924823,-0.9151092962962974,2021-08-04,146.73016357421875,146.9499969482422,147.7899932861328,146.27999877929688,147.27000427246094,56368300.0,2021-08-04
362891510.6556851,0.009912536443148687,1760.2122448979592,3.9466472303207,0.9027533819241951,0.13098279883381922,0.0018150013478134114,-0.916475114737381,2021-08-05,146.83999633789062,147.05999755859375,147.83999633789062,146.1699981689453,146.97999572753906,46397700.0,2021-08-05
360469703.810908,0.010488462691039856,1987.9697332933772,2.9550494456098293,0.9045487863350297,0.11941258615522952,-0.0013676463479172904,-0.9212214210526316,2021-08-06,146.13999938964844,146.13999938964844,147.11000061035156,145.6300048828125,146.35000610351562,54067400.0,2021-08-06
367708944.0073462,0.012167125803489439,1874.0704775022957,3.0943526170798896,0.9013856978879674,0.12917304866850357,0.0036058090876951343,-0.9140589316239324,2021-08-09,146.08999633789062,146.08999633789062,146.6999969482422,145.52000427246094,146.1999969482422,48908700.0,2021-08-09
370213213.47577333,0.01368738023542294,2166.0944429236242,3.0383246646591844,0.9045443471119592,0.11142466465918417,-0.002287821274295099,-0.9205592696629235,2021-08-10,145.60000610351562,145.60000610351562,147.7100067138672,145.3000030517578,146.44000244140625,69023100.0,2021-08-10
366979437.4120049,0.009799918334013884,1695.386688444263,3.1731318905675785,0.9105051857901172,0.10320930992241725,-0.019212874005308293,-0.9257281437125746,2021-08-11,145.86000061035156,145.86000061035156,146.72000122070312,145.52999877929688,146.0500030517578,48493500.0,2021-08-11
367524540.05969596,0.013348164627363738,1836.8691138301817,3.1282906933629957,0.9017484241750071,0.1303863922877273,0.0005173175279940676,-0.9133176125244629,2021-08-12,148.88999938964844,148.88999938964844,149.0500030517578,145.83999633789062,146.19000244140625,72282600.0,2021-08-12
368045681.04085076,0.017218095881161376,2295.4922349763674,2.2548953409858203,0.9053535786630613,0.09601934503713713,-0.006759964948683324,-0.9202830829159704,2021-08-13,149.10000610351562,149.10000610351562,149.44000244140625,148.27000427246094,148.97000122070312,59318800.0,2021-08-13
368889298.8035619,0.01648059542796385,2274.334928229665,2.573365231259968,0.9087867091972316,0.10349734183944725,-0.011432313963317384,-0.924523187066979,2021-08-16,151.1199951171875,151.1199951171875,151.19000244140625,146.47000122070312,148.5399932861328,103296000.0,2021-08-16
369324838.31856215,0.02479082739386427,2790.9804772234274,2.3486210102262164,0.9032453362255949,0.08876343352959407,-0.019283931422993485,-0.9204914752424711,2021-08-17,150.19000244140625,150.19000244140625,151.67999267578125,149.08999633789062,150.22999572753906,92229700.0,2021-08-17
369817289.28220284,0.0224019912881145,2221.653702551338,2.3266957062850033,0.9091453640323583,0.061777037958929706,-0.021914065181705033,-0.9276838662790693,2021-08-18,146.36000061035156,146.36000061035156,150.72000122070312,146.14999389648438,149.8000030517578,86326000.0,2021-08-18
370314824.6730031,0.013824884792626729,2150.9076420890938,2.414362519201229,0.9098634600614389,0.07986854838709664,-0.017380869800307223,-0.923670652856243,2021-08-19,146.6999969482422,146.6999969482422,148.0,144.5,145.02999877929688,86960300.0,2021-08-19
370732283.03436214,0.010621017118580533,1899.190178682994,2.4288391853055105,0.9119490441084525,0.09297660877171078,-0.004364671306510059,-0.9262653008962798,2021-08-20,148.19000244140625,148.19000244140625,148.5,146.77999877929688,147.44000244140625,59947400.0,2021-08-20
371513605.6606651,0.014403728023723788,2226.6553696250794,2.662147850031773,0.9051037492056723,0.12896799406905338,-0.0001539170436348238,-0.9157992772917428,2021-08-23,149.7100067138672,149.7100067138672,150.19000244140625,147.88999938964844,148.30999755859375,60131800.0,2021-08-23
371938571.79904985,0.015676959619952493,2547.1790973871734,2.4180522565320666,0.9045332541567678,0.11506285035629461,0.004360081448931116,-0.9210606737013005,2021-08-24,149.6199951171875,149.6199951171875,150.86000061035156,149.14999389648438,149.4499969482422,48606400.0,2021-08-24
372411231.1577095,0.013377141516076038,2422.1185167800986,2.574747711804741,0.9079679183290279,0.11223438160056327,-0.004346151771180474,-0.9212779827798286,2021-08-25,148.36000061035156,148.36000061035156,150.32000732421875,147.8000030517578,149.80999755859375,58991300.0,2021-08-25
372855480.9044768,0.021603331598125976,2692.527850078084,2.286829776158251,0.9087411764705883,0.08057483081728273,-0.007021406978917229,-0.9247610338835812,2021-08-26,147.5399932861328,147.5399932861328,149.1199951171875,147.50999450683594,148.35000610351562,48597200.0,2021-08-26
373373272.2930466,0.013812588290692198,2232.6962800188353,2.2939883848689373,0.899906199968602,0.11684876785434048,-0.0015234695457541992,-0.910669824463637,2021-08-27,148.60000610351562,148.60000610351562,148.75,146.8300018310547,147.47999572753906,55721500.0,2021-08-27
374105164.2688009,0.011839363515817389,2034.1140367493842,2.288691039969691,0.8992592252320512,0.12505019890130703,0.005392491819662816,-0.909091543264935,2021-08-30,153.1199951171875,153.1199951171875,153.49000549316406,148.61000061035156,149.0,90956700.0,2021-08-30
374559038.2473643,0.016207710464201417,2456.8675059008656,2.466876475216365,0.9031821872541229,0.12328053501180207,-0.0008637030129032266,-0.9136632641615223,2021-08-31,151.8300018310547,151.8300018310547,152.8000030517578,151.2899932861328,152.66000366210938,86453100.0,2021-08-31
361388656.14848065,0.010013812154696133,1544.1938305709025,2.5855202578268877,0.9064224217311166,0.09488134208103141,-0.007435760409415284,-0.9197380298507427,2021-09-01,152.50999450683594,152.50999450683594,154.97999572753906,152.33999633789062,152.8300018310547,80313700.0,2021-09-01
351569418.31262255,0.01017156862745098,1885.1416666666667,2.2432598039215685,0.9093734313725398,0.08938772058823596,-0.011226930206985291,-0.9230871717171657,2021-09-02,153.64999389648438,153.64999389648438,154.72000122070312,152.39999389648438,153.8699951171875,71115500.0,2021-09-02
346417777.8090044,0.01128725428027901,2041.9264426125555,2.1459733671528216,0.9080614711477437,0.10262781230183962,-0.00952731290957515,-0.9240089565031011,2021-09-03,154.3000030517578,154.3000030517578,154.6300048828125,153.08999633789062,153.75999450683594,57808700.0,2021-09-03
373270382.2739332,0.013584785040754355,2309.7609077832826,2.469394278408183,0.9051042192744083,0.11954519737893579,0.003997659144478187,-0.9166597961494825,2021-09-07,156.69000244140625,156.69000244140625,157.25999450683594,154.38999938964844,154.97000122070312,82278300.0,2021-09-07
376704369.5133874,0.010332185312743028,1641.9212309743361,2.084101766470392,0.9054828463503966,0.11636988112432006,-0.0027821065102766355,-0.9161809218436786,2021-09-08,155.11000061035156,155.11000061035156,157.0399932861328,153.97999572753906,156.97999572753906,74420200.0,2021-09-08
377857728.9011801,0.007491021036428938,1661.9427398665982,2.0,0.9043148486403233,0.10633941508465916,0.0009710360874294532,-0.9171998264892964,2021-09-09,154.07000732421875,154.07000732421875,156.11000061035156,153.9499969482422,155.49000549316406,57305700.0,2021-09-09
378482134.61535853,0.006950330564502458,1313.5031361247668,1.9954229530428886,0.9031885828106502,0.09979624512629306,-0.01027591727674183,-0.9155550456016429,2021-09-10,148.97000122070312,148.97000122070312,155.47999572753906,148.6999969482422,155.0,140646400.0,2021-09-10
379070414.06801844,0.004138002379351368,1041.3143330057414,2.0995706822531424,0.9029260332074704,0.0893605596648207,-0.006622465857135475,-0.9146969688304223,2021-09-13,149.5500030517578,149.5500030517578,151.4199981689453,148.75,150.6300048828125,102404300.0,2021-09-13
379514648.9268547,0.004219009243896658,1008.5355297463854,2.0339416923441576,0.9091441526428129,0.06164279213083699,-0.015194136924152652,-0.9251675000000013,2021-09-14,148.1199951171875,148.1199951171875,151.07000732421875,146.91000366210938,150.35000610351562,109296300.0,2021-09-14
380005900.51434916,0.00903757729506897,1353.3742666878072,2.4701918503250355,0.9043456001268443,0.0791395592199149,-0.005300746786189953,-0.9180411046350173,2021-09-15,149.02999877929688,149.02999877929688,149.44000244140625,146.3699951171875,148.55999755859375,83281300.0,2021-09-15
380512898.97801936,0.007287062477601243,1458.8344283837057,2.8309640425277744,0.9083423963684053,0.08917055309998854,-0.0031485873810775285,-0.9231868480725577,2021-09-16,148.7899932861328,148.7899932861328,148.97000122070312,147.22000122070312,148.44000244140625,68034100.0,2021-09-16
381038149.742463,0.006122607145625048,969.8025265442145,2.3039603193055878,0.9040346431062528,0.07194275749825685,-0.005577788191970854,-0.9163280295768775,2021-09-17,146.05999755859375,146.05999755859375,148.82000732421875,145.75999450683594,148.82000732421875,129868800.0,2021-09-17
381727861.576452,0.006400632161201106,1096.0922955353615,2.4672461477676806,0.9081483998419564,0.07516248123271459,-0.015360301756459912,-0.9206317992791732,2021-09-20,142.94000244140625,142.94000244140625,144.83999633789062,141.27000427246094,143.8000030517578,123478900.0,2021-09-20
382156509.62975496,0.006972213677842715,1455.694555521378,2.833897262380806,0.9067436378550158,0.0906137598687588,-0.007020502151440591,-0.920305818925444,2021-09-21,143.42999267578125,143.42999267578125,144.60000610351562,142.77999877929688,143.92999267578125,75834000.0,2021-09-21
382662774.0731279,0.005265210608424337,930.9195917836713,2.6318902756110245,0.9066905746229881,0.09445476469058772,-0.004336818297776911,-0.915648935911461,2021-09-22,145.85000610351562,145.85000610351562,146.42999267578125,143.6999969482422,144.4499969482422,76404300.0,2021-09-22
383071440.70102865,0.0032455030529732107,669.3121183783486,2.3908355795148246,0.9085335386985047,0.06533379723857236,-0.009160226203311509,-0.9233547732585325,2021-09-23,146.8300018310547,146.8300018310547,147.0800018310547,145.63999938964844,146.64999389648438,64838200.0,2021-09-23
383572358.1105408,0.005802276277616604,1137.7971434947556,2.4443204641821024,0.9059422375957734,0.07948184185077763,-0.003654693275980077,-0.9207926803855083,2021-09-24,146.9199981689453,146.9199981689453,147.47000122070312,145.55999755859375,145.66000366210938,53477900.0,2021-09-24
384226064.77427846,0.006228616545310992,1727.5396087376087,2.885165365382928,0.9078657250635961,0.09056275111851954,-0.008485354789806127,-0.9197932753533058,2021-09-27,145.3699951171875,145.3699951171875,145.9600067138672,143.82000732421875,145.47000122070312,74150700.0,2021-09-27
384662967.58616036,0.008922087353459902,1535.3374831414046,2.5965349102604005,0.9063557215478704,0.08727721755368799,-0.013076750532212892,-0.9206102331375614,2021-09-28,141.91000366210938,141.91000366210938,144.75,141.69000244140625,143.25,108972300.0,2021-09-28
385111348.0678479,0.005790838375108038,1092.4242005185824,2.3971477960242007,0.9086920484010402,0.05729973206568693,-0.018235833661624925,-0.9236618943692609,2021-09-29,142.8300018310547,142.8300018310547,144.4499969482422,142.02999877929688,142.47000122070312,74602000.0,2021-09-29
385641087.70746976,0.0049380998748087355,806.8952566420921,2.249200166921686,0.9047451523160426,0.06705040339407434,-0.008052510104117408,-0.9161793392444971,2021-09-30,141.5,141.5,144.3800048828125,141.27999877929688,143.66000366210938,88934200.0,2021-09-30
365565152.8413083,0.005537769317296876,982.4271869862421,3.1785930604828243,0.9135073029332887,0.06152765423552845,-0.009937389885696968,-0.9306131661891024,2021-10-01,142.64999389648438,142.64999389648438,142.9199981689453,139.11000061035156,141.89999389648438,94639600.0,2021-10-01
383798632.98466426,0.008653740825939314,1584.968999890459,2.652974038777522,0.9067745317121219,0.08919033848176122,-0.012183132631832608,-0.9256627710400498,2021-10-04,139.13999938964844,139.13999938964844,142.2100067138672,138.27000427246094,141.75999450683594,98322000.0,2021-10-04
382405233.0383426,0.007936507936507936,1223.1617192331478,2.6078128220985364,0.908524098124094,0.08683780663780688,-0.0139182106263657,-0.9237434367111349,2021-10-05,141.11000061035156,141.11000061035156,142.24000549316406,139.36000061035156,139.49000549316406,80861100.0,2021-10-05
383838432.117431,0.010894350139346339,2101.900557385356,2.963516594882189,0.9130123638206202,0.0894885229288069,-0.012422591367874347,-0.9255398624713438,2021-10-06,142.0,142.0,142.14999389648438,138.3699951171875,139.47000122070312,83221100.0,2021-10-06
387755042.7687765,0.0067974147537330065,1287.1288165812348,2.485959438377535,0.9087328838867808,0.08931344996657037,-0.005707158058948072,-0.9221193772964565,2021-10-07,143.2899932861328,143.2899932861328,144.22000122070312,142.72000122070312,143.05999755859375,61732700.0,2021-10-07
387068548.9609454,0.011122345803842264,1843.325075834176,2.7943629929221436,0.9100707912032315,0.10762946157735116,-0.006897908361981799,-0.9271182795698875,2021-10-08,142.89999389648438,142.89999389648438,144.17999267578125,142.55999755859375,144.02999877929688,58718700.0,2021-10-08
