Number of Followers,Number of Comments,Number of Retweets,Number of Likes,flair_sentiment_score,vader_score,finbert_score,flair_score,"('Adj Close', 'AAPL')","('Close', 'AAPL')","('High', 'AAPL')","('Low', 'AAPL')","('Open', 'AAPL')","('Volume', 'AAPL')","('date', '')"
133004.54545454544,44.54545454545455,58.621212121212125,681.0757575757576,0.897884126984127,0.11814848484848485,0.09802107112698413,-0.895222222222222,128.8048095703125,129.41000366210938,133.61000061035156,126.76000213623047,133.52000427246094,143301900.0,2021-01-04
123349.52830188679,42.81132075471698,43.22641509433962,488.188679245283,0.9030999999999998,0.21017169811320746,0.08185206869230768,-0.8968393939393939,130.39732360839844,131.00999450683594,131.74000549316406,128.42999267578125,128.88999938964844,97664900.0,2021-01-05
141839.7142857143,27.489795918367346,49.0,493.9795918367347,0.9086021276595745,0.2508081632653061,-0.05326435223404256,-0.8876695652173915,126.0079574584961,126.5999984741211,131.0500030517578,126.37999725341797,127.72000122070312,155088000.0,2021-01-06
138824.162601626,50.6910569105691,94.86178861788618,928.6829268292682,0.9028303278688523,0.22772682926829266,0.03917783620491802,-0.9093031249999997,130.30775451660156,130.9199981689453,131.6300048828125,127.86000061035156,128.36000061035156,109578200.0,2021-01-07
142748.69343065695,39.22627737226277,112.67153284671532,899.2262773722628,0.913502222222222,0.22857883211678828,0.006045898466666663,-0.9172174999999998,131.43246459960938,132.0500030517578,132.6300048828125,130.22999572753906,132.42999267578125,105158200.0,2021-01-08
111728.75324675324,36.83116883116883,69.62337662337663,557.1298701298701,0.9158146666666664,0.06381428571428571,-0.06304602225333333,-0.9145555555555555,128.37681579589844,128.97999572753906,130.1699981689453,128.5,129.19000244140625,100384500.0,2021-01-11
89807.11688311688,28.77922077922078,48.688311688311686,556.8831168831168,0.9323133333333332,0.07541948051948051,-0.0047206342133333315,-0.9236697674418606,128.19766235351562,128.8000030517578,129.69000244140625,126.86000061035156,128.5,91951100.0,2021-01-12
86272.23636363636,42.50909090909091,72.65454545454546,674.2181818181818,0.9148132075471695,0.06009636363636364,0.03911010556603774,-0.9226275862068969,130.27789306640625,130.88999938964844,131.4499969482422,128.49000549316406,128.75999450683594,88636800.0,2021-01-13
74797.35294117648,24.431372549019606,35.64705882352941,405.3137254901961,0.9368843137254896,0.11227647058823531,0.016522960333333333,-0.9469666666666667,128.30715942382812,128.91000366210938,131.0,128.75999450683594,130.8000030517578,90221800.0,2021-01-14
98811.08510638298,36.06382978723404,54.808510638297875,559.0,0.8768318181818183,0.15931063829787234,0.0730803988409091,-0.8962185185185185,126.54542541503906,127.13999938964844,130.22000122070312,127.0,128.77999877929688,111598500.0,2021-01-15
119423.78181818181,28.09090909090909,46.981818181818184,534.7818181818182,0.9029018518518518,0.2660036363636364,0.11913478262962963,-0.9191000000000001,127.2322006225586,127.83000183105469,128.7100067138672,126.94000244140625,127.77999877929688,90757300.0,2021-01-19
152094.69811320756,26.132075471698112,47.056603773584904,516.8867924528302,0.8629547169811321,0.24336981132075472,0.10331542760377359,-0.8633464285714286,131.41256713867188,132.02999877929688,132.49000549316406,128.5500030517578,128.66000366210938,104319500.0,2021-01-20
114732.0,50.69565217391305,51.28260869565217,461.1521739130435,0.9331000000000003,0.2431826086956522,0.03644038097619048,-0.9450470588235294,136.2299346923828,136.8699951171875,139.6699981689453,133.58999633789062,133.8000030517578,120150900.0,2021-01-21
74112.3125,26.8125,48.708333333333336,480.1041666666667,0.9109272727272729,0.2078375,0.07541382377272726,-0.935775,138.4196319580078,139.07000732421875,139.85000610351562,135.02000427246094,136.27999877929688,114459400.0,2021-01-22
94404.52380952382,34.06349206349206,48.73015873015873,535.5079365079365,0.900156896551724,0.25142063492063493,0.012877270051724137,-0.9292724137931034,142.2516326904297,142.9199981689453,145.08999633789062,136.5399932861328,143.07000732421875,157611700.0,2021-01-25
131490.71666666667,34.833333333333336,148.73333333333332,1048.3666666666666,0.8923301886792445,0.21975166666666665,0.043503926641509434,-0.8819758620689657,142.4905242919922,143.16000366210938,144.3000030517578,141.3699951171875,143.60000610351562,98390600.0,2021-01-26
128132.19858156028,34.53900709219858,128.84397163120568,976.4042553191489,0.8884281250000002,0.11222127659574463,0.023862414539062498,-0.8641044117647061,141.39566040039062,142.05999755859375,144.3000030517578,140.41000366210938,143.42999267578125,140843800.0,2021-01-27
138016.56043956045,57.15384615384615,280.5164835164835,1848.3626373626373,0.8951940476190474,0.2118846153846153,0.015476788095238099,-0.8928740000000001,136.44888305664062,137.08999633789062,141.99000549316406,136.6999969482422,139.52000427246094,142621100.0,2021-01-28
119223.10714285714,51.839285714285715,94.89285714285714,695.4017857142857,0.9069850000000002,0.15499642857142856,0.02694750845,-0.9242078124999997,131.34288024902344,131.9600067138672,136.74000549316406,130.2100067138672,135.8300018310547,177523800.0,2021-01-29
124516.90277777778,26.65277777777778,79.70833333333333,595.6666666666666,0.9051211267605633,0.16188611111111106,0.03928607702816901,-0.9284857142857144,133.5126953125,134.13999938964844,135.3800048828125,130.92999267578125,133.75,106239800.0,2021-02-01
425604.4827586207,34.724137931034484,99.60919540229885,642.3678160919541,0.885270238095238,0.24976206896551734,0.012205132428571427,-0.89325,134.3587188720703,134.99000549316406,136.30999755859375,134.61000061035156,135.72999572753906,83305400.0,2021-02-02
79003.07692307692,32.83076923076923,85.04615384615384,604.7076923076924,0.8982666666666667,0.1585907692307692,0.05447424156666666,-0.8995692307692308,133.31362915039062,133.94000244140625,135.77000427246094,133.61000061035156,135.75999450683594,89880900.0,2021-02-03
771287.4,38.92727272727273,80.72727272727273,619.8363636363637,0.9041980769230766,0.08937272727272728,0.08196068384615386,-0.9206066666666667,136.74749755859375,137.38999938964844,137.39999389648438,134.58999633789062,136.3000030517578,84183100.0,2021-02-04
96505.19444444444,61.666666666666664,62.97222222222222,817.1666666666666,0.9024485714285713,0.24939166666666665,0.04989225014285714,-0.9081950000000001,136.3238525390625,136.75999450683594,137.4199981689453,135.86000061035156,137.35000610351562,75693800.0,2021-02-05
281602.171875,63.0625,158.7109375,1084.046875,0.9215234374999999,0.2674343749999999,0.04428342682812501,-0.9329580246913584,136.47337341308594,136.91000366210938,136.9600067138672,134.9199981689453,136.02999877929688,71297200.0,2021-02-08
204701.66129032258,51.91935483870968,139.53225806451613,640.8870967741935,0.8969254237288135,0.18903225806451612,-0.027259138677966102,-0.9346129032258065,135.57623291015625,136.00999450683594,137.8800048828125,135.85000610351562,136.6199951171875,76774200.0,2021-02-09
102822.18461538461,57.0,62.23076923076923,678.1384615384616,0.8881190476190477,0.12010923076923075,-0.036851683746031746,-0.9036212121212122,134.95822143554688,135.38999938964844,136.99000549316406,134.39999389648438,136.47999572753906,73046600.0,2021-02-10
81629.37837837837,54.75675675675676,56.567567567567565,578.6216216216217,0.92525,0.18931351351351355,0.000574150999999995,-0.957695,134.6990509033203,135.1300048828125,136.38999938964844,133.77000427246094,135.89999389648438,64280000.0,2021-02-11
100468.50877192983,73.66666666666667,101.40350877192982,1017.7719298245614,0.9031087719298245,0.2664807017543859,0.04974558792982456,-0.9090588235294119,134.9382781982422,135.3699951171875,135.52999877929688,133.69000244140625,134.35000610351562,60145100.0,2021-02-12
178727.7105263158,66.78947368421052,138.31578947368422,931.5526315789474,0.9031631578947369,0.22998157894736843,-0.00881597397368421,-0.900576,132.76524353027344,133.19000244140625,136.00999450683594,132.7899932861328,135.49000549316406,80576300.0,2021-02-16
122285.62068965517,39.724137931034484,104.84482758620689,775.1724137931035,0.885380701754386,0.1936034482758621,-0.03092753257894737,-0.8903121212121211,130.4227294921875,130.83999633789062,132.22000122070312,129.47000122070312,131.25,97918500.0,2021-02-17
92430.65625,43.0,49.03125,531.53125,0.8921333333333332,0.10622031250000002,-0.021688406683333335,-0.9110131578947369,129.2963409423828,129.7100067138672,130.0,127.41000366210938,129.1999969482422,96856700.0,2021-02-18
119767.5625,39.375,62.625,516.2708333333334,0.9370021276595742,0.3019375,0.041726995042553186,-0.9606166666666669,129.455810546875,129.8699951171875,130.7100067138672,128.8000030517578,130.24000549316406,87668800.0,2021-02-19
97753.77272727272,37.81818181818182,47.75757575757576,594.3939393939394,0.9271363636363635,0.10075303030303029,-0.06922830684848484,-0.9406533333333331,125.59815979003906,126.0,129.72000122070312,125.5999984741211,128.00999450683594,103916400.0,2021-02-22
316785.6990291262,45.46601941747573,89.80582524271844,834.6407766990292,0.9050450980392158,0.19547669902912626,-0.05656245290196079,-0.904234426229508,125.45861053466797,125.86000061035156,126.70999908447266,118.38999938964844,123.76000213623047,158273000.0,2021-02-23
125082.04,36.52,66.08,583.36,0.8992891891891893,0.26110000000000005,0.030133078243243242,-0.9116347826086957,124.95024108886719,125.3499984741211,125.55999755859375,122.2300033569336,124.94000244140625,111039900.0,2021-02-24
225424.8510638298,45.97872340425532,61.87234042553192,561.8085106382979,0.9534500000000002,-0.017131914893617015,-0.11010541084782607,-0.9767516129032261,120.60414123535156,120.98999786376953,126.45999908447266,120.54000091552734,124.68000030517578,148199500.0,2021-02-25
101315.86666666667,41.35,58.9,532.5666666666667,0.8943947368421052,0.14182833333333333,-0.019997529824561405,-0.9289657142857142,120.87328338623047,121.26000213623047,124.8499984741211,121.19999694824219,122.58999633789062,164560400.0,2021-02-26
121468.11627906977,42.18604651162791,72.65116279069767,692.4883720930233,0.8736268292682925,0.15354883720930237,0.048480532536585366,-0.8834434782608696,127.38245391845703,127.79000091552734,127.93000030517578,122.79000091552734,123.75,116307900.0,2021-03-01
96428.925,32.3,58.3,566.975,0.9205131578947369,0.19778999999999997,0.0507458432631579,-0.9067238095238097,124.72097778320312,125.12000274658203,128.72000122070312,125.01000213623047,128.41000366210938,102260900.0,2021-03-02
134313.98591549296,50.7887323943662,66.88732394366197,572.887323943662,0.9137687500000001,0.1475197183098592,0.014408735046874998,-0.9437606060606063,121.67073059082031,122.05999755859375,125.70999908447266,121.83999633789062,124.80999755859375,112966300.0,2021-03-03
72340.206185567,47.16494845360825,57.76288659793814,626.4123711340206,0.8729291666666668,0.2533350515463918,-0.03426240228124999,-0.8813280701754382,119.74687957763672,120.12999725341797,123.5999984741211,118.62000274658203,121.75,178155000.0,2021-03-04
129717.28846153847,49.89423076923077,66.32692307692308,676.0673076923077,0.9159495145631064,0.10948942307692307,-0.043292882087378644,-0.9251786885245901,121.03276824951172,121.41999816894531,121.94000244140625,117.56999969482422,120.9800033569336,153766600.0,2021-03-05
114066.52083333333,40.3125,85.3125,599.84375,0.9085340425531913,0.2598489583333333,0.057967489382978715,-0.9128137254901962,115.98890686035156,116.36000061035156,121.0,116.20999908447266,120.93000030517578,154376600.0,2021-03-08
412956.81308411213,31.91588785046729,44.299065420560744,565.2429906542056,0.8879457142857142,0.22656448598130832,0.10007480951428571,-0.8918754385964912,120.70381927490234,121.08999633789062,122.05999755859375,118.79000091552734,119.02999877929688,129525800.0,2021-03-09
89936.58823529411,32.90196078431372,49.6078431372549,580.4705882352941,0.8707862745098037,0.278478431372549,0.11487128921568629,-0.89155,119.59736633300781,119.9800033569336,122.16999816894531,119.44999694824219,121.69000244140625,111943300.0,2021-03-10
59498.28947368421,31.05263157894737,45.26315789473684,582.5,0.875594594594595,0.30606052631578956,0.01037381145945946,-0.8906227272727272,121.571044921875,121.95999908447266,123.20999908447266,121.26000213623047,122.54000091552734,103026500.0,2021-03-11
96088.16216216216,50.270270270270274,46.78378378378378,600.9459459459459,0.925418181818182,0.04216216216216215,-0.10554305166666667,-0.9233428571428571,120.64401245117188,121.02999877929688,121.16999816894531,119.16000366210938,120.4000015258789,88105100.0,2021-03-12
133723.70454545456,46.29545454545455,53.84090909090909,556.1136363636364,0.9207119047619043,0.30902045454545457,0.035575343071428574,-0.9040500000000001,123.59456634521484,123.98999786376953,124.0,120.41999816894531,121.41000366210938,92403800.0,2021-03-15
91386.87804878049,39.292682926829265,51.951219512195124,547.439024390244,0.8907947368421053,0.29377804878048785,0.050035934684210526,-0.8992318181818182,125.1695327758789,125.56999969482422,127.22000122070312,124.72000122070312,125.69999694824219,115227900.0,2021-03-16
57929.194444444445,36.75,60.361111111111114,628.0833333333334,0.9005028571428572,0.3267916666666667,0.04950520648571429,-0.9010300000000001,124.36212158203125,124.76000213623047,125.86000061035156,122.33999633789062,124.05000305175781,111932600.0,2021-03-17
219589.0,44.77777777777778,44.77777777777778,544.5277777777778,0.9311914285714284,0.15871944444444444,-0.12060603245714285,-0.9630652173913044,120.1456069946289,120.52999877929688,123.18000030517578,120.31999969482422,122.87999725341797,121229700.0,2021-03-18
62192.94871794872,31.897435897435898,44.64102564102564,507.97435897435895,0.9171256410256411,0.1758102564102564,-0.026741532179487184,-0.9331285714285714,119.60733032226562,119.98999786376953,121.43000030517578,119.68000030517578,119.9000015258789,185549500.0,2021-03-19
108925.15217391304,28.695652173913043,44.608695652173914,518.5652173913044,0.9175777777777774,0.2538217391304347,-0.030464437266666665,-0.9571565217391307,122.99649047851562,123.38999938964844,123.87000274658203,120.26000213623047,120.33000183105469,111912300.0,2021-03-22
82377.83333333333,28.261904761904763,49.61904761904762,548.6190476190476,0.8857857142857145,0.2923857142857142,0.015471655971428569,-0.8760291666666667,122.14920043945312,122.54000091552734,124.23999786376953,122.13999938964844,123.33000183105469,95467100.0,2021-03-23
225844.3392857143,42.94642857142857,69.30357142857143,560.1428571428571,0.9438740740740735,0.2328553571428571,-0.027731246425925917,-0.9591294117647058,119.7070083618164,120.08999633789062,122.9000015258789,120.06999969482422,122.81999969482422,88530500.0,2021-03-24
111617.30188679245,67.49056603773585,65.81132075471699,593.4150943396227,0.9206,0.17334528301886792,0.04539882897999999,-0.9150538461538461,120.20541381835938,120.58999633789062,121.66000366210938,119.0,119.54000091552734,98844700.0,2021-03-25
103352.06349206349,32.79365079365079,48.904761904761905,512.8571428571429,0.9181733333333334,0.20753968253968252,-0.05058080205,-0.9364928571428572,120.82343292236328,121.20999908447266,121.4800033569336,118.91999816894531,120.3499984741211,94071200.0,2021-03-26
97291.92156862745,30.529411764705884,40.529411764705884,479.52941176470586,0.9074980392156862,0.23888039215686283,0.02010465368627451,-0.9188208333333336,121.00286102294922,121.38999938964844,122.58000183105469,120.7300033569336,121.6500015258789,80819200.0,2021-03-29
78479.25862068965,31.82758620689655,55.37931034482759,422.01724137931035,0.927807272727273,0.171598275862069,0.019604724145454548,-0.9619208333333334,119.51761627197266,119.9000015258789,120.4000015258789,118.86000061035156,120.11000061035156,85671900.0,2021-03-30
104934.63461538461,29.23076923076923,46.88461538461539,550.1153846153846,0.9336812499999999,0.28254615384615384,0.035903314750000005,-0.9535357142857144,121.76044464111328,122.1500015258789,123.5199966430664,121.1500015258789,121.6500015258789,118323800.0,2021-03-31
140512.76,29.16,54.92,532.9,0.9188458333333331,0.08885599999999999,-0.012174915541666671,-0.9442593750000001,122.60772705078125,123.0,124.18000030517578,122.48999786376953,123.66000366210938,75089100.0,2021-04-01
121914.05128205128,27.705128205128204,45.756410256410255,533.8076923076923,0.8847973333333334,0.3065423076923079,0.12772646187999998,-0.9153095238095242,125.49848937988281,125.9000015258789,126.16000366210938,123.06999969482422,123.87000274658203,88651200.0,2021-04-05
82955.36,24.52,47.0,510.64,0.8757127659574466,0.36325599999999997,0.2160865385531915,-0.8733124999999999,125.8074951171875,126.20999908447266,127.12999725341797,125.6500015258789,126.5,80171300.0,2021-04-06
110409.325,31.3,48.25,548.525,0.922017948717949,0.2510175,0.042421596205128205,-0.9221800000000001,127.49211120605469,127.9000015258789,127.91999816894531,125.13999938964844,125.83000183105469,83466700.0,2021-04-07
75392.65853658537,32.073170731707314,45.78048780487805,575.9024390243902,0.9182365853658535,0.19630731707317073,-0.017113832439024382,-0.9332047619047621,129.9442596435547,130.36000061035156,130.38999938964844,128.52000427246094,128.9499969482422,88844600.0,2021-04-08
87700.14285714286,35.38095238095238,70.95238095238095,657.2619047619048,0.8978238095238095,0.22383809523809525,0.09456826390476192,-0.9296037037037037,132.57583618164062,133.0,133.0399932861328,129.47000122070312,129.8000030517578,106686700.0,2021-04-09
177497.24074074073,22.574074074074073,48.351851851851855,470.5740740740741,0.8260839999999999,0.187287037037037,0.043459706900000006,-0.806040625,130.8214569091797,131.24000549316406,132.85000610351562,130.6300048828125,132.52000427246094,91420000.0,2021-04-12
100489.96551724138,33.96551724137931,75.91379310344827,740.4655172413793,0.9334735849056605,0.23053793103448275,0.006302076660377359,-0.9275384615384616,134.0012664794922,134.42999267578125,134.66000366210938,131.92999267578125,132.44000244140625,91266500.0,2021-04-13
228772.04761904763,33.785714285714285,61.333333333333336,579.3333333333334,0.9403274999999999,0.25836190476190474,-0.01616502035000001,-0.96786,131.6089324951172,132.02999877929688,135.0,131.66000366210938,134.94000244140625,87222800.0,2021-04-14
85907.62222222223,31.466666666666665,48.93333333333333,521.6,0.8977659090909093,0.26786,-0.01704563811363636,-0.9115031249999999,134.07106018066406,134.5,135.0,133.63999938964844,133.82000732421875,89347100.0,2021-04-15
214929.27906976745,57.48837209302326,123.44186046511628,1106.1860465116279,0.9204372093023256,0.24798372093023255,-0.07660232586046513,-0.9219961538461541,133.73214721679688,134.16000366210938,134.6699981689453,133.27999877929688,134.3000030517578,84922400.0,2021-04-16
110482.73134328358,39.88059701492537,57.865671641791046,642.3880597014926,0.9241030303030299,-0.12216716417910445,0.01969544995454546,-0.9613208333333332,134.40997314453125,134.83999633789062,135.47000122070312,133.33999633789062,133.50999450683594,94264200.0,2021-04-19
84735.10256410256,40.76923076923077,92.61538461538461,907.6666666666666,0.9200631578947367,0.011384615384615375,-0.058751713289473685,-0.9678923076923076,132.6855010986328,133.11000061035156,135.52999877929688,131.80999755859375,135.02000427246094,94812300.0,2021-04-20
88191.69444444444,35.55555555555556,42.44444444444444,429.6666666666667,0.924185294117647,0.13894444444444443,-0.013595209382352938,-0.9434277777777778,133.07423400878906,133.5,133.75,131.3000030517578,132.36000061035156,68847100.0,2021-04-21
114112.35384615384,42.07692307692308,66.21538461538462,721.7846153846153,0.9180746031746032,0.09697230769230772,0.03466572457142857,-0.9307720930232559,131.51922607421875,131.94000244140625,134.14999389648438,131.41000366210938,133.0399932861328,84566500.0,2021-04-22
78435.26530612246,43.08163265306123,79.16326530612245,545.7551020408164,0.9203934782608698,0.19707551020408165,-0.01287667647826087,-0.9401958333333336,133.89163208007812,134.32000732421875,135.1199951171875,132.16000366210938,132.16000366210938,78657500.0,2021-04-23
177336.19078947368,24.513157894736842,61.046052631578945,566.75,0.9084527777777777,0.21887039473684208,0.04305458752083333,-0.9058964285714287,134.2903594970703,134.72000122070312,135.05999755859375,133.55999755859375,134.8300018310547,66905100.0,2021-04-26
190045.85714285713,42.80952380952381,75.6984126984127,725.0,0.9138888888888886,0.1723468253968254,-0.005090428222222224,-0.9348135135135134,133.96141052246094,134.38999938964844,135.41000366210938,134.11000061035156,135.00999450683594,66015800.0,2021-04-27
163985.5375,40.125,49.6375,500.6,0.9220739726027396,0.29716499999999996,0.1864432741232877,-0.908239024390244,133.15399169921875,133.5800018310547,135.02000427246094,133.0800018310547,134.30999755859375,107760100.0,2021-04-28
231939.05208333334,42.520833333333336,102.42708333333333,765.6770833333334,0.935379347826087,0.20724270833333325,0.018093825673913044,-0.9583782608695653,133.05430603027344,133.47999572753906,137.07000732421875,132.4499969482422,136.47000122070312,151101000.0,2021-04-29
102987.05,29.383333333333333,46.86666666666667,494.93333333333334,0.9263719298245615,0.19517500000000002,-0.07553330533333333,-0.9315081081081079,131.04075622558594,131.4600067138672,133.55999755859375,131.07000732421875,131.77999877929688,109839500.0,2021-04-30
119890.19607843137,56.76470588235294,47.19607843137255,460.7843137254902,0.9206872340425534,0.11389999999999999,-0.03669226042553191,-0.9411655172413791,132.11729431152344,132.5399932861328,134.07000732421875,131.8300018310547,132.0399932861328,75135100.0,2021-05-03
117725.70731707317,33.146341463414636,56.073170731707314,469.0731707317073,0.9086153846153844,0.11506829268292684,-0.032502072743589745,-0.8935000000000002,127.4422607421875,127.8499984741211,131.49000549316406,126.69999694824219,131.19000244140625,137564700.0,2021-05-04
107148.46153846153,46.256410256410255,75.97435897435898,646.9230769230769,0.903397142857143,0.1539,-0.09381101645714286,-0.8971318181818183,127.69146728515625,128.10000610351562,130.4499969482422,127.97000122070312,129.1999969482422,84000900.0,2021-05-05
118872.65217391304,41.58695652173913,70.65217391304348,608.0217391304348,0.9328130434782607,-0.029760869565217406,0.014186180173913042,-0.9481918918918919,129.3262481689453,129.74000549316406,129.75,127.12999725341797,127.88999938964844,78128300.0,2021-05-06
105553.76086956522,40.108695652173914,55.69565217391305,576.4782608695652,0.944025581395349,0.26546956521739135,0.03997496806976744,-0.9520206896551725,130.0152130126953,130.2100067138672,131.25999450683594,129.47999572753906,130.85000610351562,78973300.0,2021-05-07
119388.68656716419,39.44776119402985,63.701492537313435,593.7313432835821,0.9141265624999999,0.07144477611940299,-0.023044963421875005,-0.9205571428571427,126.66022491455078,126.8499984741211,129.5399932861328,126.80999755859375,129.41000366210938,88071200.0,2021-05-10
101779.80952380953,32.26984126984127,50.44444444444444,548.7619047619048,0.915432258064516,0.13265555555555558,-0.008733335032258064,-0.9601305555555554,125.72164154052734,125.91000366210938,126.2699966430664,122.7699966430664,123.5,126142800.0,2021-05-11
170090.64383561644,43.47945205479452,66.24657534246575,644.972602739726,0.9212957142857139,0.01990958904109588,-0.03470741894285715,-0.9319345454545453,122.58633422851562,122.7699966430664,124.63999938964844,122.25,123.4000015258789,112172300.0,2021-05-12
97368.06862745098,49.35294117647059,78.18627450980392,635.8333333333334,0.8984693069306932,0.2134303921568627,-0.026389380782178215,-0.9204907692307691,124.78304290771484,124.97000122070312,126.1500015258789,124.26000213623047,124.58000183105469,105861300.0,2021-05-13
142228.74468085106,33.319148936170215,49.659574468085104,523.7659574468086,0.9521808510638299,0.30772127659574466,0.024215768000000002,-0.9673259259259258,127.25933074951172,127.44999694824219,127.88999938964844,125.8499984741211,126.25,81918000.0,2021-05-14
134783.3238095238,54.34285714285714,78.68571428571428,646.3333333333334,0.926410891089109,0.11807238095238097,0.02460365897029703,-0.9308827160493826,126.08109283447266,126.2699966430664,126.93000030517578,125.16999816894531,126.81999969482422,74244600.0,2021-05-17
124064.40697674418,39.83720930232558,52.53488372093023,563.1162790697674,0.9265858823529407,0.2487755813953489,0.0025714221999999978,-0.9417458333333332,124.66322326660156,124.8499984741211,126.98999786376953,124.77999877929688,126.55999755859375,63342900.0,2021-05-18
78594.82456140351,48.8421052631579,65.56140350877193,608.3508771929825,0.9299035714285712,0.22854736842105264,-0.05987250912500001,-0.9538323529411763,124.50346374511719,124.69000244140625,124.91999816894531,122.86000061035156,123.16000366210938,92612000.0,2021-05-19
69810.60294117648,57.529411764705884,57.029411764705884,623.0294117647059,0.929209090909091,0.18420147058823533,0.05586534104545455,-0.9454000000000001,127.11953735351562,127.30999755859375,127.72000122070312,125.0999984741211,125.2300033569336,76857100.0,2021-05-20
76969.87719298246,39.31578947368421,52.578947368421055,493.3157894736842,0.894241818181818,0.2279140350877193,-0.003165184363636361,-0.8872499999999998,125.24235534667969,125.43000030517578,128.0,125.20999908447266,127.81999969482422,79295400.0,2021-05-21
92125.02898550725,46.289855072463766,44.52173913043478,535.5217391304348,0.9096686567164181,0.1047072463768116,-0.012538635462686569,-0.9226673076923076,126.90985107421875,127.0999984741211,127.94000244140625,125.94000244140625,126.01000213623047,63092900.0,2021-05-24
82341.06818181818,32.61363636363637,75.5,542.0227272727273,0.9191024999999998,0.18957727272727273,0.04564792215,-0.9342999999999999,126.71015930175781,126.9000015258789,128.32000732421875,126.31999969482422,127.81999969482422,72009500.0,2021-05-25
76510.47169811321,40.62264150943396,55.0377358490566,564.3584905660377,0.9483075471698115,0.1800981132075472,0.007254656754716985,-0.9667171428571427,126.66022491455078,126.8499984741211,127.38999938964844,126.41999816894531,126.95999908447266,56575900.0,2021-05-26
117366.66176470589,53.98529411764706,84.23529411764706,668.3676470588235,0.9202588235294114,0.16395441176470593,-0.010134086,-0.9206800000000002,125.09257507324219,125.27999877929688,127.63999938964844,125.08000183105469,126.44000244140625,94625600.0,2021-05-27
92062.225,33.625,63.675,570.175,0.8735054054054056,0.22281,0.0512615377837838,-0.882809090909091,124.423583984375,124.61000061035156,125.80000305175781,124.55000305175781,125.56999969482422,71311100.0,2021-05-28
116571.24390243902,27.195121951219512,48.829268292682926,550.7073170731708,0.8692074999999999,0.020446341463414633,0.01931430995,-0.8555130434782608,124.09407043457031,124.27999877929688,125.3499984741211,123.94000244140625,125.08000183105469,67637100.0,2021-06-01
77444.67213114754,50.31147540983606,61.81967213114754,560.4426229508197,0.8928576271186435,0.15905737704918035,0.020255285305084744,-0.9107666666666668,124.8729019165039,125.05999755859375,125.23999786376953,124.05000305175781,124.27999877929688,59278900.0,2021-06-02
138751.0909090909,36.166666666666664,53.696969696969695,450.469696969697,0.8862712121212123,0.11866818181818181,-0.06889910092424244,-0.9698972222222222,123.35518646240234,123.54000091552734,124.8499984741211,123.12999725341797,124.68000030517578,76229200.0,2021-06-03
74045.15,44.733333333333334,75.21666666666667,670.0166666666667,0.914959649122807,0.01579000000000001,-0.07598998880701754,-0.934315,125.70166778564453,125.88999938964844,126.16000366210938,123.8499984741211,124.06999969482422,75169300.0,2021-06-04
66029.95161290323,36.32258064516129,51.096774193548384,582.6774193548387,0.9212966666666665,0.19086612903225808,-0.03488485665,-0.9219742857142855,125.71165466308594,125.9000015258789,126.31999969482422,124.83000183105469,126.16999816894531,71057600.0,2021-06-07
82297.62686567164,38.26865671641791,72.11940298507463,641.8358208955224,0.9426119402985076,0.11279701492537314,0.024679084313432836,-0.9516326086956524,126.5503921508789,126.73999786376953,128.4600067138672,126.20999908447266,126.5999984741211,74403800.0,2021-06-08
78582.525,35.775,61.95,543.15,0.9382275000000002,0.13976750000000002,-0.014015698424999997,-0.9599400000000001,126.93981170654297,127.12999725341797,127.75,126.5199966430664,127.20999908447266,56877900.0,2021-06-09
68713.83333333333,58.94444444444444,107.55555555555556,829.1111111111111,0.9164628571428571,0.19551666666666667,0.05753126317142857,-0.9293130434782608,125.92134094238281,126.11000061035156,128.19000244140625,125.94000244140625,127.0199966430664,71186400.0,2021-06-10
90113.18,30.68,72.66,655.98,0.8712666666666667,0.21992600000000004,0.025768445166666668,-0.870259259259259,127.15947723388672,127.3499984741211,127.44000244140625,126.0999984741211,126.52999877929688,53522400.0,2021-06-11
112913.23255813954,34.372093023255815,58.27906976744186,552.3953488372093,0.9222825000000002,0.1230953488372093,-0.040559040025,-0.9222115384615382,130.2847900390625,130.47999572753906,130.5399932861328,127.06999969482422,127.81999969482422,96906500.0,2021-06-14
74906.54285714286,37.97142857142857,36.97142857142857,455.45714285714286,0.9117,0.2743542857142858,0.06611179779411765,-0.9103684210526316,129.44606018066406,129.63999938964844,130.60000610351562,129.38999938964844,129.94000244140625,62746300.0,2021-06-15
66525.16216216216,40.75675675675676,41.027027027027025,604.3513513513514,0.9186416666666665,0.4211972972972974,0.014057369694444445,-0.960745,129.95529174804688,130.14999389648438,130.88999938964844,128.4600067138672,130.3699951171875,91815000.0,2021-06-16
66437.175,42.225,65.45,711.225,0.9141076923076923,0.2658925,0.040527871025641024,-0.9031363636363636,131.59283447265625,131.7899932861328,132.5500030517578,129.64999389648438,129.8000030517578,96721700.0,2021-06-17
57305.35555555556,35.888888888888886,59.977777777777774,569.2666666666667,0.9318363636363635,0.21262444444444434,0.0070261264545454505,-0.9387551724137931,130.26483154296875,130.4600067138672,131.50999450683594,130.24000549316406,130.7100067138672,108953300.0,2021-06-18
80724.6052631579,30.973684210526315,34.73684210526316,442.2894736842105,0.9182447368421055,0.20225526315789477,-0.05038280550000001,-0.9080695652173915,132.10208129882812,132.3000030517578,132.41000366210938,129.2100067138672,130.3000030517578,79663300.0,2021-06-21
107375.65384615384,24.5,40.61538461538461,473.8076923076923,0.9087124999999999,0.18820384615384617,0.058510296041666666,-0.9532307692307693,133.77955627441406,133.97999572753906,134.0800018310547,131.6199951171875,132.1300048828125,74783600.0,2021-06-22
82451.73913043478,24.231884057971016,38.2463768115942,460.81159420289856,0.9313161764705883,0.2565623188405797,0.021995410323529415,-0.9512028571428571,133.49998474121094,133.6999969482422,134.32000732421875,133.22999572753906,133.77000427246094,60214200.0,2021-06-23
91262.61403508772,40.03508771929825,34.92982456140351,503.1929824561403,0.8825381818181822,0.31036842105263157,0.057830624163636365,-0.8937457142857143,133.21041870117188,133.41000366210938,134.63999938964844,132.92999267578125,134.4499969482422,68711000.0,2021-06-24
112267.54545454546,37.78181818181818,51.14545454545455,704.4363636363636,0.8970418181818184,0.32422181818181817,0.0018941527272727293,-0.9008457142857141,132.91087341308594,133.11000061035156,133.88999938964844,132.80999755859375,133.4600067138672,70783700.0,2021-06-25
67154.25,25.383333333333333,43.6,518.8,0.8974732142857146,0.10277166666666669,-0.018925081392857146,-0.9115125,134.578369140625,134.77999877929688,135.25,133.35000610351562,133.41000366210938,62111300.0,2021-06-28
83498.24390243902,33.19512195121951,54.829268292682926,582.8536585365854,0.9326875000000001,0.3445634146341463,-0.020692718025,-0.9124391304347826,136.1260528564453,136.3300018310547,136.49000549316406,134.35000610351562,134.8000030517578,64556100.0,2021-06-29
74861.5,33.015625,43.46875,501.46875,0.8910483333333334,0.21596875,0.04257556895,-0.91331875,136.75511169433594,136.9600067138672,137.41000366210938,135.8699951171875,136.1699981689453,63261400.0,2021-06-30
68085.5925925926,29.0,50.48148148148148,516.4629629629629,0.9037714285714286,0.2984296296296296,0.058615870612244894,-0.9061259259259258,137.0646514892578,137.27000427246094,137.3300018310547,135.75999450683594,136.60000610351562,52485800.0,2021-07-01
72139.32926829268,40.073170731707314,46.74390243902439,595.7682926829268,0.9460125000000005,0.10266951219512198,0.0966570444375,-0.9613564102564104,139.75062561035156,139.9600067138672,140.0,137.75,137.89999389648438,78852600.0,2021-07-02
97084.7205882353,33.529411764705884,41.205882352941174,455.8235294117647,0.9216714285714287,0.17300735294117653,-0.04033294273015872,-0.9496666666666668,141.8075408935547,142.02000427246094,143.14999389648438,140.07000732421875,140.07000732421875,108181800.0,2021-07-06
75981.66666666667,29.666666666666668,44.733333333333334,513.7555555555556,0.9305953488372094,0.1925933333333333,0.07798844297674418,-0.9374519999999998,144.35372924804688,144.57000732421875,144.88999938964844,142.66000366210938,143.5399932861328,104911600.0,2021-07-07
117171.86764705883,43.19117647058823,70.94117647058823,725.0,0.9137014925373134,0.19689117647058815,0.005765394507462681,-0.9191225,143.0257110595703,143.24000549316406,144.05999755859375,140.6699981689453,141.5800018310547,105575500.0,2021-07-08
129366.75471698113,27.11320754716981,31.754716981132077,377.6981132075472,0.8860211538461541,0.26934339622641507,0.0557861081923077,-0.8930869565217392,144.89291381835938,145.11000061035156,145.64999389648438,142.64999389648438,142.75,99890800.0,2021-07-09
73470.2258064516,27.532258064516128,49.983870967741936,541.0322580645161,0.9062629032258067,0.12865806451612902,0.0037447185322580655,-0.9350718749999999,144.28382873535156,144.5,146.32000732421875,144.0,146.2100067138672,76299700.0,2021-07-12
110414.01960784313,23.274509803921568,38.35294117647059,502.6470588235294,0.9333897959183672,0.11661960784313727,0.10778399024489795,-0.9440607142857143,145.422119140625,145.63999938964844,147.4600067138672,143.6300048828125,144.02999877929688,100827100.0,2021-07-13
128522.86885245901,36.63934426229508,67.95081967213115,527.8196721311475,0.8881909090909088,0.09706557377049181,0.057414589127272736,-0.8921575757575759,148.92686462402344,149.14999389648438,149.57000732421875,147.67999267578125,148.10000610351562,127050800.0,2021-07-14
76617.95918367348,29.020408163265305,46.55102040816327,365.2040816326531,0.9037772727272727,0.08291020408163266,0.0027735104772727208,-0.9270653846153848,148.25787353515625,148.47999572753906,150.0,147.08999633789062,149.24000549316406,106820300.0,2021-07-15
50095.57142857143,33.02857142857143,52.34285714285714,565.4857142857143,0.8927400000000002,0.25046285714285715,0.015853537828571428,-0.894630434782609,146.17098999023438,146.38999938964844,149.75999450683594,145.8800048828125,148.4600067138672,93251400.0,2021-07-16
56455.02272727273,31.704545454545453,31.204545454545453,477.79545454545456,0.9433761904761904,0.20892045454545452,0.03420217121428572,-0.946828,142.2368927001953,142.4499969482422,144.07000732421875,141.6699981689453,143.75,121434600.0,2021-07-19
114072.64705882352,28.441176470588236,49.294117647058826,541.1176470588235,0.9282176470588236,0.1741882352941177,-0.007353120000000004,-0.9302052631578949,145.9313507080078,146.14999389648438,147.10000610351562,142.9600067138672,143.4600067138672,96350000.0,2021-07-20
101801.20338983051,32.42372881355932,41.05084745762712,472.2881355932203,0.923894642857143,0.25573220338983055,-0.02481958058928571,-0.9511434782608698,145.18247985839844,145.39999389648438,146.1300048828125,144.6300048828125,145.52999877929688,74993500.0,2021-07-21
81709.78787878787,27.03030303030303,53.36363636363637,427.6666666666667,0.9077862068965518,0.2741454545454545,0.06108519131034484,-0.9000636363636364,146.58038330078125,146.8000030517578,148.1999969482422,145.80999755859375,145.94000244140625,77338200.0,2021-07-22
68709.79629629629,31.0,56.111111111111114,578.2037037037037,0.8901836734693879,0.24879259259259265,0.06620162114285714,-0.9318869565217393,148.33775329589844,148.55999755859375,148.72000122070312,146.9199981689453,147.5500030517578,71447400.0,2021-07-23
176352.24489795917,31.156462585034014,60.17006802721088,629.5578231292517,0.8898965277777777,0.227378231292517,0.05817432371527778,-0.9050525641025644,148.76712036132812,148.99000549316406,149.8300018310547,147.6999969482422,148.27000427246094,72434100.0,2021-07-26
218190.68595041323,39.83471074380165,50.87603305785124,551.1570247933885,0.9021054054054057,0.20643719008264458,0.0754572486036036,-0.9071581081081079,146.55043029785156,146.77000427246094,149.2100067138672,145.5500030517578,149.1199951171875,104818600.0,2021-07-27
175996.4107142857,55.410714285714285,53.285714285714285,773.5714285714286,0.9110865384615383,0.12739642857142855,0.01621103401923077,-0.9115125000000001,144.7631072998047,144.97999572753906,146.97000122070312,142.5399932861328,144.80999755859375,118931200.0,2021-07-28
170190.18823529413,37.423529411764704,72.10588235294118,605.2705882352941,0.8986432098765433,0.24926352941176474,-0.011022312395061728,-0.9131822222222221,145.422119140625,145.63999938964844,146.5500030517578,144.5800018310547,144.69000244140625,56699500.0,2021-07-29
69926.35294117648,26.470588235294116,38.85294117647059,422.8382352941176,0.9061476923076923,0.07017794117647057,-0.03592947126153846,-0.9326524999999997,145.64178466796875,145.86000061035156,146.3300018310547,144.11000061035156,144.3800048828125,70382000.0,2021-07-30
65421.23529411765,30.955882352941178,33.73529411764706,457.3529411764706,0.9115691176470586,0.301785294117647,0.07969463483823531,-0.9290657142857145,145.30230712890625,145.52000427246094,146.9499969482422,145.25,146.36000061035156,62880000.0,2021-08-02
106329.42105263157,94.65789473684211,50.13157894736842,523.421052631579,0.9034171428571428,0.15891842105263163,0.07900929022857144,-0.8701300000000002,147.13954162597656,147.36000061035156,148.0399932861328,145.17999267578125,145.80999755859375,64786600.0,2021-08-03
87505.21276595745,31.680851063829788,47.744680851063826,493.4255319148936,0.9253608695652175,0.2619978723404255,0.03034050826086956,-0.9238695652173913,146.73016357421875,146.9499969482422,147.7899932861328,146.27999877929688,147.27000427246094,56368300.0,2021-08-04
77952.27118644067,80.33898305084746,92.61016949152543,937.0338983050848,0.8853431034482758,0.15671864406779662,0.012074037862068966,-0.9003594594594596,146.83999633789062,147.05999755859375,147.83999633789062,146.1699981689453,146.97999572753906,46397700.0,2021-08-05
71412.58064516129,38.74193548387097,42.53225806451613,554.4677419354839,0.8890622950819673,0.31678709677419353,0.017993427688524587,-0.8977948717948718,146.13999938964844,146.13999938964844,147.11000061035156,145.6300048828125,146.35000610351562,54067400.0,2021-08-06
68033.41025641025,25.76923076923077,38.51282051282051,499.12820512820514,0.8759333333333336,0.26765641025641024,0.043896769846153844,-0.9077125,146.08999633789062,146.08999633789062,146.6999969482422,145.52000427246094,146.1999969482422,48908700.0,2021-08-09
71785.43181818182,29.704545454545453,47.20454545454545,513.4772727272727,0.9031372093023257,0.23401363636363637,-0.01943365088372093,-0.9078458333333335,145.60000610351562,145.60000610351562,147.7100067138672,145.3000030517578,146.44000244140625,69023100.0,2021-08-10
91519.7,28.2,32.233333333333334,403.73333333333335,0.9048107142857142,0.17681,0.09618003239285715,-0.8931421052631577,145.86000061035156,145.86000061035156,146.72000122070312,145.52999877929688,146.0500030517578,48493500.0,2021-08-11
136698.37931034484,37.53448275862069,97.98275862068965,624.051724137931,0.9074622641509431,0.20422586206896548,0.062115366735849054,-0.9470884615384616,148.88999938964844,148.88999938964844,149.0500030517578,145.83999633789062,146.19000244140625,72282600.0,2021-08-12
100331.70212765958,36.46808510638298,75.48936170212765,671.7234042553191,0.8801727272727273,0.3451212765957447,0.08212291788636364,-0.8492619047619049,149.10000610351562,149.10000610351562,149.44000244140625,148.27000427246094,148.97000122070312,59318800.0,2021-08-13
73953.14285714286,31.571428571428573,47.324675324675326,477.5844155844156,0.89718,0.11093766233766233,-0.03767518681333334,-0.8897392156862743,151.1199951171875,151.1199951171875,151.19000244140625,146.47000122070312,148.5399932861328,103296000.0,2021-08-16
63854.279411764706,29.470588235294116,39.14705882352941,415.05882352941177,0.8949246153846152,0.1462823529411765,-0.04361314683076923,-0.9087152173913043,150.19000244140625,150.19000244140625,151.67999267578125,149.08999633789062,150.22999572753906,92229700.0,2021-08-17
47979.73684210526,44.228070175438596,72.82456140350877,1153.0701754385964,0.9103396226415094,0.3615894736842105,0.0010555622830188678,-0.9008586206896553,146.36000061035156,146.36000061035156,150.72000122070312,146.14999389648438,149.8000030517578,86326000.0,2021-08-18
83237.77358490566,35.75471698113208,49.0,536.2452830188679,0.9094,0.07982075471698112,-0.09351080884615383,-0.9379935483870968,146.6999969482422,146.6999969482422,148.0,144.5,145.02999877929688,86960300.0,2021-08-19
82383.21495327103,48.02803738317757,48.00934579439252,607.7757009345794,0.9165200000000006,0.18111775700934582,0.02773282527,-0.9170870967741934,148.19000244140625,148.19000244140625,148.5,146.77999877929688,147.44000244140625,59947400.0,2021-08-20
49324.70175438596,36.96491228070175,59.70175438596491,725.5964912280701,0.8988981481481483,0.3256561403508772,0.06121087074074075,-0.8871214285714285,149.7100067138672,149.7100067138672,150.19000244140625,147.88999938964844,148.30999755859375,60131800.0,2021-08-23
35686.51515151515,34.121212121212125,54.36363636363637,600.4848484848485,0.9331937499999999,0.2626272727272727,0.02054513246875,-0.9323999999999998,149.6199951171875,149.6199951171875,150.86000061035156,149.14999389648438,149.4499969482422,48606400.0,2021-08-24
60301.242424242424,36.42424242424242,83.87878787878788,919.7575757575758,0.9471242424242426,0.1607909090909091,-0.007707826999999999,-0.9533809523809524,148.36000061035156,148.36000061035156,150.32000732421875,147.8000030517578,149.80999755859375,58991300.0,2021-08-25
101601.4375,46.4375,78.9375,580.59375,0.9614518518518518,0.11101875,0.011841780629629628,-0.9690882352941176,147.5399932861328,147.5399932861328,149.1199951171875,147.50999450683594,148.35000610351562,48597200.0,2021-08-26
62353.1914893617,52.46808510638298,66.61702127659575,591.8510638297872,0.8898510638297873,0.12832127659574466,3.0080063829788677e-05,-0.8742411764705883,148.60000610351562,148.60000610351562,148.75,146.8300018310547,147.47999572753906,55721500.0,2021-08-27
80583.05357142857,31.089285714285715,48.017857142857146,573.8571428571429,0.8917928571428575,0.2059553571428572,0.010676035928571427,-0.8702499999999999,153.1199951171875,153.1199951171875,153.49000549316406,148.61000061035156,149.0,90956700.0,2021-08-30
103335.075,29.225,51.9,453.125,0.9236410256410256,0.16932499999999998,0.05337585853846154,-0.9292923076923076,151.8300018310547,151.8300018310547,152.8000030517578,151.2899932861328,152.66000366210938,86453100.0,2021-08-31
45363.260869565216,35.52173913043478,65.0,623.1739130434783,0.9316000000000001,0.11578695652173918,-0.015620101761904764,-0.9321827586206898,152.50999450683594,152.50999450683594,154.97999572753906,152.33999633789062,152.8300018310547,80313700.0,2021-09-01
92811.21428571429,70.88095238095238,257.04761904761904,1353.4761904761904,0.9082849999999997,0.18873095238095242,-0.0691646561,-0.908816,153.64999389648438,153.64999389648438,154.72000122070312,152.39999389648438,153.8699951171875,71115500.0,2021-09-02
90061.58181818182,37.054545454545455,62.03636363636364,549.4,0.9410924528301889,0.10505454545454548,-0.04513811222641508,-0.9425609756097564,154.3000030517578,154.3000030517578,154.6300048828125,153.08999633789062,153.75999450683594,57808700.0,2021-09-03
89887.1282051282,27.333333333333332,55.666666666666664,517.1025641025641,0.9293243243243243,0.1986153846153846,-0.018708952378378378,-0.9478840000000003,156.69000244140625,156.69000244140625,157.25999450683594,154.38999938964844,154.97000122070312,82278300.0,2021-09-07
62654.78571428572,37.19642857142857,52.142857142857146,544.5357142857143,0.9162381818181817,0.11711964285714285,0.0687030066,-0.9297212121212122,155.11000061035156,155.11000061035156,157.0399932861328,153.97999572753906,156.97999572753906,74420200.0,2021-09-08
117233.66666666667,31.0,46.355555555555554,571.5333333333333,0.9278818181818181,0.15668,0.0075222254090909066,-0.9210448275862068,154.07000732421875,154.07000732421875,156.11000061035156,153.9499969482422,155.49000549316406,57305700.0,2021-09-09
72108.06451612903,26.983870967741936,33.46774193548387,415.14516129032256,0.9090440677966102,0.2859951612903225,-0.03755450400000001,-0.910630303030303,148.97000122070312,148.97000122070312,155.47999572753906,148.6999969482422,155.0,140646400.0,2021-09-10
85663.82,57.52,41.48,507.42,0.890926530612245,0.084076,-0.0328550156122449,-0.9113260869565218,149.5500030517578,149.5500030517578,151.4199981689453,148.75,150.6300048828125,102404300.0,2021-09-13
76800.82222222222,37.06666666666667,44.022222222222226,554.0,0.939492857142857,0.3324133333333334,-0.033509239547619044,-0.9562333333333333,148.1199951171875,148.1199951171875,151.07000732421875,146.91000366210938,150.35000610351562,109296300.0,2021-09-14
127297.68292682926,35.21951219512195,57.53658536585366,557.5365853658536,0.9147031250000002,0.21047560975609753,0.06408903837499999,-0.9295214285714285,149.02999877929688,149.02999877929688,149.44000244140625,146.3699951171875,148.55999755859375,83281300.0,2021-09-15
83747.17142857143,45.94285714285714,55.22857142857143,495.1142857142857,0.9017176470588236,0.3157942857142857,-0.027104951000000002,-0.9198333333333333,148.7899932861328,148.7899932861328,148.97000122070312,147.22000122070312,148.44000244140625,68034100.0,2021-09-16
74491.0,37.275,38.225,530.2,0.9043052631578948,0.2423775,0.0015350893684210507,-0.9102368421052631,146.05999755859375,146.05999755859375,148.82000732421875,145.75999450683594,148.82000732421875,129868800.0,2021-09-17
63817.880952380954,28.428571428571427,48.785714285714285,473.7142857142857,0.9346350000000001,0.20505238095238099,-0.005996035050000001,-0.9582600000000002,142.94000244140625,142.94000244140625,144.83999633789062,141.27000427246094,143.8000030517578,123478900.0,2021-09-20
77504.78787878787,31.848484848484848,34.03030303030303,377.6969696969697,0.8154566666666668,0.14152121212121213,0.0,-0.8477722222222224,143.42999267578125,143.42999267578125,144.60000610351562,142.77999877929688,143.92999267578125,75834000.0,2021-09-21
95812.55263157895,31.842105263157894,69.6842105263158,676.4473684210526,0.9136861111111111,0.14233947368421054,-0.0005733950277777782,-0.9319944444444445,145.85000610351562,145.85000610351562,146.42999267578125,143.6999969482422,144.4499969482422,76404300.0,2021-09-22
68261.40425531915,34.638297872340424,65.80851063829788,1223.2553191489362,0.8879869565217393,0.21707234042553186,0.14452466432608696,-0.9121,146.8300018310547,146.8300018310547,147.0800018310547,145.63999938964844,146.64999389648438,64838200.0,2021-09-23
75069.828125,33.90625,44.703125,553.875,0.8999483870967745,0.18815468750000003,0.13079973667741934,-0.910760606060606,146.9199981689453,146.9199981689453,147.47000122070312,145.55999755859375,145.66000366210938,53477900.0,2021-09-24
68943.57534246576,23.561643835616437,43.082191780821915,492.2328767123288,0.913915714285714,0.19825479452054798,0.01966143507142857,-0.9103883720930234,145.3699951171875,145.3699951171875,145.9600067138672,143.82000732421875,145.47000122070312,74150700.0,2021-09-27
89995.54237288136,29.406779661016948,48.79661016949152,551.1016949152543,0.8825660714285716,0.20512711864406774,-0.030952756964285708,-0.8657529411764708,141.91000366210938,141.91000366210938,144.75,141.69000244140625,143.25,108972300.0,2021-09-28
59542.8813559322,53.355932203389834,49.559322033898304,546.5084745762712,0.9546839285714286,0.16067796610169494,-0.06484499842857143,-0.9568369565217391,142.8300018310547,142.8300018310547,144.4499969482422,142.02999877929688,142.47000122070312,74602000.0,2021-09-29
109886.90909090909,56.38181818181818,60.74545454545454,652.4181818181818,0.9171672727272727,0.24366727272727273,0.031000807600000003,-0.93715,141.5,141.5,144.3800048828125,141.27999877929688,143.66000366210938,88934200.0,2021-09-30
